Patient_ID,Admission_Date,Department,Age,Gender,Admission_Type,Length_of_Stay_Days,Treatment_Cost_INR,Month,Month_Name,Season,Is_Outlier
5837,2025-01-01,Cardiology,82,Male,Emergency,9,45179.0,1,Jan,Winter,False
5332,2025-01-01,Neurology,65,Female,Referral,8,43477.0,1,Jan,Winter,False
5354,2025-01-01,Pediatrics,39,Male,Emergency,1,4240.0,1,Jan,Winter,False
6193,2025-01-01,General Medicine,6,Female,Emergency,5,14723.0,1,Jan,Winter,False
5376,2025-01-01,Orthopedics,31,Male,Emergency,10,49131.0,1,Jan,Winter,False
5453,2025-01-01,Pediatrics,60,Female,Emergency,4,19999.0,1,Jan,Winter,False
5018,2025-01-01,Pediatrics,37,Female,Referral,4,14747.0,1,Jan,Winter,False
5182,2025-01-02,Cardiology,61,Female,Planned,7,32952.0,1,Jan,Winter,False
5924,2025-01-02,Respiratory,71,Male,Emergency,4,13488.0,1,Jan,Winter,False
5049,2025-01-02,Emergency,22,Female,Planned,2,6612.0,1,Jan,Winter,False
6239,2025-01-02,Oncology,54,Male,Planned,9,35851.0,1,Jan,Winter,False
5352,2025-01-02,Emergency,22,Female,Emergency,2,6446.0,1,Jan,Winter,False
6224,2025-01-03,Neurology,65,Male,Referral,7,24615.0,1,Jan,Winter,False
5802,2025-01-03,Respiratory,39,Female,Referral,4,16053.0,1,Jan,Winter,False
5844,2025-01-03,Emergency,51,Female,Emergency,2,6883.0,1,Jan,Winter,False
5231,2025-01-03,Orthopedics,51,Male,Referral,6,32163.0,1,Jan,Winter,False
5679,2025-01-03,General Medicine,59,Female,Planned,3,8186.0,1,Jan,Winter,False
5535,2025-01-03,Pediatrics,61,Male,Planned,6,22412.0,1,Jan,Winter,False
6140,2025-01-04,Emergency,75,Female,Emergency,2,5074.0,1,Jan,Winter,False
6048,2025-01-04,Neurology,70,Male,Emergency,3,17373.0,1,Jan,Winter,False
6430,2025-01-04,Cardiology,45,Female,Emergency,9,42652.0,1,Jan,Winter,False
5290,2025-01-05,Pediatrics,35,Male,Emergency,3,14668.0,1,Jan,Winter,False
5291,2025-01-05,Cardiology,49,Male,Planned,3,16056.0,1,Jan,Winter,False
5570,2025-01-05,Cardiology,18,Female,Emergency,9,38001.0,1,Jan,Winter,False
5734,2025-01-05,Pediatrics,43,Female,Planned,3,17154.0,1,Jan,Winter,False
5919,2025-01-05,Pediatrics,88,Female,Emergency,5,20190.0,1,Jan,Winter,False
5096,2025-01-05,Emergency,36,Male,Planned,2,10620.0,1,Jan,Winter,False
5807,2025-01-06,Oncology,26,Male,Referral,10,43002.0,1,Jan,Winter,False
5178,2025-01-06,Orthopedics,53,Female,Emergency,2,5642.0,1,Jan,Winter,False
5500,2025-01-06,Pediatrics,41,Male,Planned,2,9793.0,1,Jan,Winter,False
5890,2025-01-06,Cardiology,2,Female,Planned,5,21417.0,1,Jan,Winter,False
5265,2025-01-06,Orthopedics,52,Female,Planned,7,29184.0,1,Jan,Winter,False
5929,2025-01-07,Cardiology,75,Female,Planned,7,32277.0,1,Jan,Winter,False
5026,2025-01-07,General Medicine,70,Male,Emergency,3,17854.0,1,Jan,Winter,False
5920,2025-01-07,General Medicine,20,Female,Emergency,4,12946.0,1,Jan,Winter,False
6210,2025-01-07,Pediatrics,70,Male,Planned,5,18668.0,1,Jan,Winter,False
6364,2025-01-07,General Medicine,15,Male,Emergency,6,21438.0,1,Jan,Winter,False
5612,2025-01-07,Orthopedics,42,Male,Planned,3,8750.0,1,Jan,Winter,False
6075,2025-01-07,Emergency,42,Male,Planned,2,7474.0,1,Jan,Winter,False
5896,2025-01-07,Orthopedics,53,Female,Planned,7,18731.0,1,Jan,Winter,False
5463,2025-01-08,Respiratory,12,Female,Emergency,5,25719.0,1,Jan,Winter,False
6422,2025-01-08,Neurology,74,Male,Planned,8,43067.0,1,Jan,Winter,False
5520,2025-01-08,Orthopedics,45,Female,Planned,5,24909.0,1,Jan,Winter,False
6006,2025-01-08,Emergency,57,Male,Emergency,3,11538.0,1,Jan,Winter,False
5203,2025-01-08,Orthopedics,47,Female,Planned,3,12354.0,1,Jan,Winter,False
5262,2025-01-08,Neurology,78,Female,Emergency,7,36304.0,1,Jan,Winter,False
5011,2025-01-08,Neurology,55,Male,Planned,12,38581.0,1,Jan,Winter,False
6116,2025-01-08,Cardiology,61,Male,Referral,6,30695.0,1,Jan,Winter,False
5083,2025-01-08,Orthopedics,53,Female,Planned,6,33015.0,1,Jan,Winter,False
5977,2025-01-08,General Medicine,6,Male,Emergency,6,18131.0,1,Jan,Winter,False
6485,2025-01-09,Emergency,16,Male,Emergency,3,17409.0,1,Jan,Winter,False
5129,2025-01-09,Neurology,33,Female,Planned,1,5022.0,1,Jan,Winter,False
5448,2025-01-10,Emergency,48,Female,Planned,4,12619.0,1,Jan,Winter,False
5331,2025-01-10,General Medicine,35,Female,Planned,4,17269.0,1,Jan,Winter,False
5072,2025-01-10,General Medicine,50,Female,Emergency,4,16074.0,1,Jan,Winter,False
5624,2025-01-10,General Medicine,82,Male,Referral,3,10727.0,1,Jan,Winter,False
5399,2025-01-10,Respiratory,83,Male,Referral,4,16063.0,1,Jan,Winter,False
5869,2025-01-10,Pediatrics,71,Female,Referral,5,18245.0,1,Jan,Winter,False
5476,2025-01-10,Neurology,29,Male,Planned,9,35358.0,1,Jan,Winter,False
6212,2025-01-11,Respiratory,37,Female,Planned,2,9710.0,1,Jan,Winter,False
5974,2025-01-11,Cardiology,48,Female,Planned,9,40747.0,1,Jan,Winter,False
6240,2025-01-11,Emergency,31,Female,Emergency,4,18940.0,1,Jan,Winter,False
6264,2025-01-11,Cardiology,9,Male,Planned,1,3506.0,1,Jan,Winter,False
5971,2025-01-11,Respiratory,55,Male,Emergency,7,40848.0,1,Jan,Winter,False
6026,2025-01-11,Neurology,70,Male,Planned,5,22828.0,1,Jan,Winter,False
5864,2025-01-11,Emergency,60,Male,Planned,3,7764.0,1,Jan,Winter,False
6003,2025-01-11,Pediatrics,32,Male,Planned,7,28861.0,1,Jan,Winter,False
6248,2025-01-12,Cardiology,40,Male,Emergency,5,19273.0,1,Jan,Winter,False
5687,2025-01-12,General Medicine,43,Male,Planned,3,16190.0,1,Jan,Winter,False
5740,2025-01-12,Oncology,68,Female,Planned,7,34801.0,1,Jan,Winter,False
5995,2025-01-12,Neurology,29,Male,Emergency,4,20880.0,1,Jan,Winter,False
6238,2025-01-12,General Medicine,54,Female,Referral,8,37073.0,1,Jan,Winter,False
5209,2025-01-12,Pediatrics,59,Female,Emergency,4,11071.0,1,Jan,Winter,False
5768,2025-01-12,Cardiology,72,Male,Emergency,4,22103.0,1,Jan,Winter,False
6478,2025-01-13,Cardiology,46,Male,Emergency,7,34855.0,1,Jan,Winter,False
6449,2025-01-13,Orthopedics,60,Female,Planned,6,23467.0,1,Jan,Winter,False
5466,2025-01-14,Pediatrics,59,Male,Planned,3,17322.0,1,Jan,Winter,False
6433,2025-01-14,Emergency,1,Female,Emergency,3,9531.0,1,Jan,Winter,False
6187,2025-01-14,General Medicine,60,Female,Emergency,4,18225.0,1,Jan,Winter,False
6095,2025-01-14,Oncology,31,Female,Emergency,8,21163.0,1,Jan,Winter,False
5567,2025-01-14,Emergency,67,Female,Planned,3,14786.0,1,Jan,Winter,False
5412,2025-01-15,Orthopedics,30,Female,Emergency,4,15198.0,1,Jan,Winter,False
5112,2025-01-15,Emergency,65,Female,Planned,1,5530.0,1,Jan,Winter,False
5185,2025-01-15,Neurology,45,Female,Referral,7,36812.0,1,Jan,Winter,False
5490,2025-01-15,Orthopedics,59,Female,Referral,7,24937.0,1,Jan,Winter,False
6314,2025-01-15,Pediatrics,68,Female,Planned,6,17089.0,1,Jan,Winter,False
5146,2025-01-15,Neurology,42,Female,Planned,7,32170.0,1,Jan,Winter,False
6277,2025-01-16,Orthopedics,3,Female,Emergency,8,28045.0,1,Jan,Winter,False
5450,2025-01-16,Oncology,30,Male,Referral,6,27900.0,1,Jan,Winter,False
6134,2025-01-16,Respiratory,72,Female,Planned,6,17449.0,1,Jan,Winter,False
5358,2025-01-16,Emergency,25,Male,Referral,3,9332.0,1,Jan,Winter,False
5286,2025-01-16,Orthopedics,49,Female,Planned,5,22834.0,1,Jan,Winter,False
5556,2025-01-16,General Medicine,25,Male,Emergency,3,9914.0,1,Jan,Winter,False
6374,2025-01-16,Pediatrics,40,Male,Referral,4,13543.0,1,Jan,Winter,False
6336,2025-01-16,Cardiology,79,Male,Emergency,5,29308.0,1,Jan,Winter,False
6367,2025-01-16,Pediatrics,49,Female,Planned,1,3791.0,1,Jan,Winter,False
6358,2025-01-16,Respiratory,53,Male,Emergency,4,18670.0,1,Jan,Winter,False
5248,2025-01-17,Emergency,7,Female,Planned,3,11641.0,1,Jan,Winter,False
5614,2025-01-17,Pediatrics,53,Female,Planned,4,18536.0,1,Jan,Winter,False
5187,2025-01-17,Emergency,34,Female,Planned,1,5553.0,1,Jan,Winter,False
5863,2025-01-17,Oncology,72,Male,Referral,8,27401.0,1,Jan,Winter,False
5635,2025-01-18,Emergency,35,Male,Planned,3,17062.0,1,Jan,Winter,False
5250,2025-01-18,General Medicine,27,Female,Emergency,5,19622.0,1,Jan,Winter,False
6356,2025-01-18,Oncology,42,Female,Planned,12,60436.0,1,Jan,Winter,False
5503,2025-01-18,Neurology,30,Female,Referral,2,8357.0,1,Jan,Winter,False
6101,2025-01-18,Cardiology,63,Male,Planned,7,24937.0,1,Jan,Winter,False
6382,2025-01-18,Orthopedics,16,Male,Emergency,3,12499.0,1,Jan,Winter,False
5040,2025-01-19,Neurology,29,Female,Emergency,9,46289.0,1,Jan,Winter,False
6237,2025-01-19,Cardiology,52,Male,Referral,4,23133.0,1,Jan,Winter,False
5829,2025-01-19,Emergency,22,Female,Emergency,3,10245.0,1,Jan,Winter,False
5055,2025-01-19,Orthopedics,30,Male,Referral,7,25870.0,1,Jan,Winter,False
6271,2025-01-19,Emergency,43,Female,Planned,4,14663.0,1,Jan,Winter,False
6261,2025-01-20,Orthopedics,66,Female,Planned,2,9628.0,1,Jan,Winter,False
5518,2025-01-20,Emergency,1,Male,Planned,1,3878.0,1,Jan,Winter,False
5054,2025-01-20,Respiratory,27,Female,Planned,8,41017.0,1,Jan,Winter,False
5868,2025-01-20,Neurology,34,Male,Emergency,2,7150.0,1,Jan,Winter,False
6089,2025-01-20,Oncology,44,Female,Emergency,11,45040.0,1,Jan,Winter,False
5390,2025-01-21,Emergency,9,Male,Emergency,2,10743.0,1,Jan,Winter,False
5551,2025-01-21,Emergency,37,Male,Planned,3,7600.0,1,Jan,Winter,False
6005,2025-01-22,Emergency,44,Male,Planned,4,12176.0,1,Jan,Winter,False
5386,2025-01-22,Neurology,85,Female,Referral,11,41629.0,1,Jan,Winter,False
5586,2025-01-22,Emergency,69,Female,Referral,1,2508.0,1,Jan,Winter,False
6349,2025-01-22,Orthopedics,34,Male,Planned,5,19104.0,1,Jan,Winter,False
5057,2025-01-22,Pediatrics,37,Male,Emergency,3,9000.0,1,Jan,Winter,False
5760,2025-01-22,Emergency,48,Male,Emergency,3,17665.0,1,Jan,Winter,False
6381,2025-01-23,Pediatrics,70,Male,Planned,3,16480.0,1,Jan,Winter,False
6090,2025-01-23,Cardiology,63,Female,Emergency,3,14495.0,1,Jan,Winter,False
5608,2025-01-23,Respiratory,51,Male,Planned,9,44896.0,1,Jan,Winter,False
5219,2025-01-23,Cardiology,32,Male,Emergency,4,17396.0,1,Jan,Winter,False
6044,2025-01-23,Emergency,56,Male,Planned,3,15097.0,1,Jan,Winter,False
5671,2025-01-23,Emergency,15,Female,Emergency,2,10418.0,1,Jan,Winter,False
5524,2025-01-24,General Medicine,87,Male,Emergency,4,18179.0,1,Jan,Winter,False
6452,2025-01-24,Cardiology,46,Female,Emergency,4,23133.0,1,Jan,Winter,False
5948,2025-01-24,Respiratory,47,Female,Referral,3,10102.0,1,Jan,Winter,False
5384,2025-01-24,Emergency,17,Male,Planned,4,14460.0,1,Jan,Winter,False
5696,2025-01-24,Cardiology,70,Female,Emergency,6,32471.0,1,Jan,Winter,False
5385,2025-01-25,Emergency,47,Male,Planned,3,10035.0,1,Jan,Winter,False
6392,2025-01-25,Pediatrics,73,Female,Referral,1,4282.0,1,Jan,Winter,False
5981,2025-01-25,Emergency,68,Male,Referral,2,9748.0,1,Jan,Winter,False
6294,2025-01-25,Pediatrics,78,Male,Emergency,7,35706.0,1,Jan,Winter,False
6038,2025-01-25,Pediatrics,1,Female,Emergency,3,9980.0,1,Jan,Winter,False
5738,2025-01-25,General Medicine,62,Female,Planned,3,14871.0,1,Jan,Winter,False
5310,2025-01-25,General Medicine,69,Male,Emergency,3,13265.0,1,Jan,Winter,False
5993,2025-01-25,Pediatrics,1,Male,Emergency,2,6883.0,1,Jan,Winter,False
6002,2025-01-25,Emergency,77,Female,Planned,3,10418.0,1,Jan,Winter,False
5205,2025-01-25,Emergency,28,Female,Planned,3,13520.0,1,Jan,Winter,False
5723,2025-01-25,Emergency,33,Male,Planned,2,10489.0,1,Jan,Winter,False
5443,2025-01-26,Orthopedics,35,Male,Emergency,7,35173.0,1,Jan,Winter,False
5715,2025-01-26,Orthopedics,22,Female,Emergency,11,39102.0,1,Jan,Winter,False
5150,2025-01-26,General Medicine,21,Female,Planned,4,13494.0,1,Jan,Winter,False
5452,2025-01-26,Pediatrics,8,Male,Planned,6,25896.0,1,Jan,Winter,False
5478,2025-01-27,Emergency,62,Male,Planned,2,5604.0,1,Jan,Winter,False
6431,2025-01-27,Oncology,35,Female,Planned,10,28176.0,1,Jan,Winter,False
5803,2025-01-27,Orthopedics,56,Female,Emergency,8,31390.0,1,Jan,Winter,False
5183,2025-01-27,General Medicine,44,Male,Emergency,4,23100.0,1,Jan,Winter,False
6318,2025-01-27,Pediatrics,45,Female,Planned,1,4674.0,1,Jan,Winter,False
5235,2025-01-28,Cardiology,1,Female,Planned,7,41252.0,1,Jan,Winter,False
5719,2025-01-28,Orthopedics,42,Female,Emergency,4,22474.0,1,Jan,Winter,False
6215,2025-01-28,Orthopedics,46,Male,Emergency,9,28180.0,1,Jan,Winter,False
5067,2025-01-28,Pediatrics,34,Female,Planned,3,16194.0,1,Jan,Winter,False
6242,2025-01-28,Orthopedics,35,Male,Emergency,7,21899.0,1,Jan,Winter,False
6255,2025-01-28,Pediatrics,45,Female,Emergency,5,14686.0,1,Jan,Winter,False
6286,2025-02-01,Emergency,24,Male,Emergency,4,18990.0,2,Feb,Winter,False
5501,2025-02-01,Cardiology,34,Female,Planned,8,24547.0,2,Feb,Winter,False
6138,2025-02-01,Emergency,36,Male,Planned,5,26637.0,2,Feb,Winter,False
5985,2025-02-01,Cardiology,33,Female,Planned,9,44597.0,2,Feb,Winter,False
5228,2025-02-01,Orthopedics,5,Female,Emergency,7,24435.0,2,Feb,Winter,False
5447,2025-02-01,Respiratory,35,Male,Referral,8,30118.0,2,Feb,Winter,False
5975,2025-02-01,Emergency,61,Female,Referral,3,13563.0,2,Feb,Winter,False
5111,2025-02-02,Orthopedics,39,Female,Emergency,7,39790.0,2,Feb,Winter,False
5022,2025-02-02,Cardiology,72,Male,Referral,2,6495.0,2,Feb,Winter,False
5989,2025-02-02,Oncology,67,Male,Emergency,8,21046.0,2,Feb,Winter,False
5456,2025-02-02,Respiratory,41,Female,Planned,7,32410.0,2,Feb,Winter,False
5029,2025-02-02,General Medicine,47,Female,Emergency,6,32764.0,2,Feb,Winter,False
5966,2025-02-02,Emergency,66,Male,Emergency,2,10686.0,2,Feb,Winter,False
5788,2025-02-02,Oncology,47,Male,Emergency,7,37033.0,2,Feb,Winter,False
5388,2025-02-03,Respiratory,29,Male,Planned,5,18020.0,2,Feb,Winter,False
6019,2025-02-03,Oncology,52,Male,Planned,3,10477.0,2,Feb,Winter,False
6034,2025-02-03,Orthopedics,40,Male,Referral,5,28826.0,2,Feb,Winter,False
5506,2025-02-03,Emergency,44,Female,Emergency,1,2520.0,2,Feb,Winter,False
5254,2025-02-03,Cardiology,39,Female,Emergency,8,38943.0,2,Feb,Winter,False
5017,2025-02-03,Orthopedics,50,Male,Referral,6,25807.0,2,Feb,Winter,False
6244,2025-02-04,Orthopedics,66,Male,Planned,8,33589.0,2,Feb,Winter,False
5658,2025-02-04,Pediatrics,45,Male,Referral,4,18323.0,2,Feb,Winter,False
5371,2025-02-04,General Medicine,66,Male,Emergency,4,10660.0,2,Feb,Winter,False
5642,2025-02-04,Pediatrics,67,Male,Planned,3,7628.0,2,Feb,Winter,False
5375,2025-02-04,Pediatrics,73,Male,Planned,1,5000.0,2,Feb,Winter,False
6126,2025-02-04,Orthopedics,67,Male,Emergency,4,23217.0,2,Feb,Winter,False
5212,2025-02-05,Cardiology,27,Male,Emergency,8,38141.0,2,Feb,Winter,False
5071,2025-02-05,Orthopedics,34,Male,Emergency,7,33887.0,2,Feb,Winter,False
5165,2025-02-05,Oncology,8,Male,Referral,10,40267.0,2,Feb,Winter,False
5204,2025-02-05,Emergency,28,Male,Referral,2,10612.0,2,Feb,Winter,False
6208,2025-02-05,Emergency,32,Male,Planned,3,11110.0,2,Feb,Winter,False
5180,2025-02-06,Emergency,34,Female,Referral,3,15771.0,2,Feb,Winter,False
6067,2025-02-06,Oncology,37,Male,Emergency,10,59309.0,2,Feb,Winter,False
5912,2025-02-06,Pediatrics,41,Female,Emergency,3,8891.0,2,Feb,Winter,False
6231,2025-02-06,Respiratory,60,Male,Emergency,7,31713.0,2,Feb,Winter,False
6373,2025-02-06,Respiratory,47,Male,Planned,4,14901.0,2,Feb,Winter,False
5105,2025-02-06,Cardiology,67,Male,Emergency,11,63662.0,2,Feb,Winter,False
5741,2025-02-06,General Medicine,95,Female,Planned,1,3353.0,2,Feb,Winter,False
5670,2025-02-06,Emergency,1,Female,Planned,2,10076.0,2,Feb,Winter,False
5916,2025-02-07,Oncology,36,Male,Emergency,11,58657.0,2,Feb,Winter,False
6426,2025-02-07,Orthopedics,23,Male,Planned,7,27433.0,2,Feb,Winter,False
5704,2025-02-07,Neurology,55,Female,Emergency,10,53114.0,2,Feb,Winter,False
5517,2025-02-07,Neurology,65,Female,Planned,8,30580.0,2,Feb,Winter,False
6139,2025-02-07,General Medicine,54,Male,Planned,4,12519.0,2,Feb,Winter,False
5407,2025-02-08,General Medicine,23,Male,Planned,4,10056.0,2,Feb,Winter,False
5806,2025-02-08,Pediatrics,21,Male,Emergency,4,10600.0,2,Feb,Winter,False
6125,2025-02-08,Cardiology,55,Female,Referral,6,16897.0,2,Feb,Winter,False
5370,2025-02-08,Respiratory,41,Female,Emergency,1,2651.0,2,Feb,Winter,False
5655,2025-02-09,Orthopedics,49,Female,Planned,3,10771.0,2,Feb,Winter,False
5097,2025-02-09,General Medicine,37,Female,Referral,3,17393.0,2,Feb,Winter,False
5781,2025-02-09,Pediatrics,34,Female,Emergency,4,20537.0,2,Feb,Winter,False
5137,2025-02-09,Pediatrics,38,Female,Emergency,4,20054.0,2,Feb,Winter,False
5555,2025-02-09,Pediatrics,21,Female,Emergency,3,15703.0,2,Feb,Winter,False
5626,2025-02-09,Oncology,46,Female,Referral,8,44818.0,2,Feb,Winter,False
6383,2025-02-09,Cardiology,27,Male,Emergency,6,17029.0,2,Feb,Winter,False
6415,2025-02-09,Orthopedics,61,Female,Emergency,4,16414.0,2,Feb,Winter,False
6454,2025-02-09,Neurology,64,Male,Emergency,7,37037.0,2,Feb,Winter,False
6104,2025-02-09,Orthopedics,71,Female,Referral,10,47464.0,2,Feb,Winter,False
5990,2025-02-10,Pediatrics,38,Male,Emergency,3,9898.0,2,Feb,Winter,False
6421,2025-02-11,Emergency,22,Female,Emergency,3,11029.0,2,Feb,Winter,False
6017,2025-02-13,General Medicine,16,Male,Emergency,5,22933.0,2,Feb,Winter,False
6464,2025-02-13,Emergency,95,Male,Planned,2,10224.0,2,Feb,Winter,False
6147,2025-02-13,Emergency,43,Male,Planned,4,13829.0,2,Feb,Winter,False
6428,2025-02-14,Emergency,44,Female,Emergency,1,3067.0,2,Feb,Winter,False
5048,2025-02-14,Cardiology,53,Male,Emergency,6,33862.0,2,Feb,Winter,False
6323,2025-02-15,Orthopedics,22,Female,Planned,13,75299.0,2,Feb,Winter,False
5149,2025-02-15,Cardiology,41,Male,Emergency,6,21488.0,2,Feb,Winter,False
5590,2025-02-15,General Medicine,68,Male,Emergency,6,28150.0,2,Feb,Winter,False
5044,2025-02-15,Cardiology,70,Male,Planned,7,18401.0,2,Feb,Winter,False
5123,2025-02-16,General Medicine,81,Female,Emergency,5,26567.0,2,Feb,Winter,False
6254,2025-02-16,Neurology,28,Female,Planned,6,30317.0,2,Feb,Winter,False
5510,2025-02-16,General Medicine,37,Male,Emergency,6,33693.0,2,Feb,Winter,False
5735,2025-02-16,Orthopedics,35,Female,Planned,8,25122.0,2,Feb,Winter,False
5913,2025-02-16,General Medicine,8,Male,Planned,2,10487.0,2,Feb,Winter,False
6151,2025-02-17,Pediatrics,37,Female,Emergency,3,13172.0,2,Feb,Winter,False
6190,2025-02-17,Cardiology,34,Female,Planned,5,19361.0,2,Feb,Winter,False
5050,2025-02-17,Respiratory,49,Female,Emergency,5,26541.0,2,Feb,Winter,False
6052,2025-02-17,Cardiology,45,Female,Emergency,5,27269.0,2,Feb,Winter,False
6346,2025-02-18,Cardiology,59,Female,Emergency,5,14023.0,2,Feb,Winter,False
5693,2025-02-18,Emergency,32,Female,Emergency,2,8111.0,2,Feb,Winter,False
6068,2025-02-18,Emergency,27,Female,Referral,1,3556.0,2,Feb,Winter,False
5906,2025-02-18,General Medicine,70,Male,Referral,5,15851.0,2,Feb,Winter,False
5613,2025-02-18,Emergency,34,Male,Emergency,1,4746.0,2,Feb,Winter,False
5171,2025-02-18,Pediatrics,57,Female,Emergency,2,8722.0,2,Feb,Winter,False
5261,2025-02-18,Oncology,37,Male,Emergency,7,20396.0,2,Feb,Winter,False
5748,2025-02-19,Emergency,33,Male,Emergency,3,11436.0,2,Feb,Winter,False
5523,2025-02-19,Cardiology,29,Female,Emergency,4,10566.0,2,Feb,Winter,False
6365,2025-02-19,Orthopedics,68,Male,Emergency,6,19159.0,2,Feb,Winter,False
5025,2025-02-19,Neurology,11,Male,Emergency,9,45452.0,2,Feb,Winter,False
5895,2025-02-19,Neurology,49,Female,Emergency,2,8142.0,2,Feb,Winter,False
6292,2025-02-20,Orthopedics,34,Male,Planned,6,30330.0,2,Feb,Winter,False
6180,2025-02-20,Emergency,39,Male,Planned,1,4543.0,2,Feb,Winter,False
5997,2025-02-20,Emergency,59,Male,Planned,3,15542.0,2,Feb,Winter,False
5964,2025-02-20,Pediatrics,30,Male,Emergency,4,10103.0,2,Feb,Winter,False
5311,2025-02-20,Emergency,54,Female,Emergency,3,12264.0,2,Feb,Winter,False
5629,2025-02-20,Emergency,49,Male,Emergency,3,9763.0,2,Feb,Winter,False
6080,2025-02-21,General Medicine,60,Male,Emergency,3,16902.0,2,Feb,Winter,False
6333,2025-02-21,Oncology,66,Male,Planned,9,44012.0,2,Feb,Winter,False
5504,2025-02-21,Orthopedics,68,Male,Referral,6,35688.0,2,Feb,Winter,False
5814,2025-02-21,General Medicine,1,Male,Emergency,7,25679.0,2,Feb,Winter,False
5063,2025-02-21,Cardiology,58,Female,Emergency,5,22402.0,2,Feb,Winter,False
5301,2025-02-22,Neurology,78,Male,Planned,5,23488.0,2,Feb,Winter,False
5179,2025-02-22,Cardiology,47,Female,Emergency,1,5005.0,2,Feb,Winter,False
5513,2025-02-22,Orthopedics,49,Female,Emergency,4,14074.0,2,Feb,Winter,False
5484,2025-02-22,Orthopedics,21,Male,Planned,8,41607.0,2,Feb,Winter,False
5051,2025-02-23,Emergency,46,Female,Emergency,2,11122.0,2,Feb,Winter,False
5348,2025-02-23,General Medicine,43,Male,Planned,4,21203.0,2,Feb,Winter,False
5692,2025-02-23,Orthopedics,71,Female,Planned,8,42938.0,2,Feb,Winter,False
6490,2025-02-23,Respiratory,8,Female,Emergency,5,24357.0,2,Feb,Winter,False
5969,2025-02-24,Emergency,81,Female,Emergency,2,10439.0,2,Feb,Winter,False
6291,2025-02-24,General Medicine,52,Male,Emergency,4,11985.0,2,Feb,Winter,False
5825,2025-02-24,General Medicine,84,Female,Emergency,3,17045.0,2,Feb,Winter,False
5016,2025-02-24,General Medicine,31,Male,Emergency,5,27424.0,2,Feb,Winter,False
5423,2025-02-25,General Medicine,62,Male,Emergency,4,19886.0,2,Feb,Winter,False
5328,2025-02-25,Respiratory,40,Male,Planned,4,14476.0,2,Feb,Winter,False
5823,2025-02-25,General Medicine,69,Male,Referral,5,15141.0,2,Feb,Winter,False
5750,2025-02-25,Orthopedics,40,Female,Emergency,3,17864.0,2,Feb,Winter,False
5089,2025-02-25,Emergency,60,Female,Emergency,4,15077.0,2,Feb,Winter,False
5267,2025-02-25,Neurology,79,Female,Emergency,10,32742.0,2,Feb,Winter,False
5241,2025-02-25,General Medicine,33,Female,Referral,7,28567.0,2,Feb,Winter,False
6071,2025-02-26,Emergency,72,Female,Planned,4,17917.0,2,Feb,Winter,False
6368,2025-02-26,Emergency,38,Female,Planned,3,8128.0,2,Feb,Winter,False
5295,2025-02-26,Oncology,19,Male,Planned,8,28195.0,2,Feb,Winter,False
6310,2025-02-27,Oncology,28,Male,Emergency,8,38371.0,2,Feb,Winter,False
5847,2025-02-27,Orthopedics,60,Male,Emergency,2,10175.0,2,Feb,Winter,False
6312,2025-02-27,Orthopedics,64,Male,Referral,4,15446.0,2,Feb,Winter,False
5921,2025-02-27,Oncology,94,Male,Emergency,13,57853.0,2,Feb,Winter,False
5876,2025-02-27,Orthopedics,34,Female,Planned,7,41852.0,2,Feb,Winter,False
6030,2025-02-28,Emergency,44,Female,Planned,4,11131.0,2,Feb,Winter,False
6041,2025-02-28,Neurology,32,Male,Emergency,4,32125.5,2,Feb,Winter,False
6350,2025-02-28,Pediatrics,67,Female,Emergency,3,11415.0,2,Feb,Winter,False
5927,2025-02-28,Cardiology,85,Male,Emergency,6,33989.0,2,Feb,Winter,False
5197,2025-02-28,Oncology,28,Female,Emergency,12,54769.0,2,Feb,Winter,False
5789,2025-03-01,Emergency,45,Female,Emergency,1,3308.0,3,Mar,Summer,False
6046,2025-03-01,Emergency,43,Male,Referral,3,12411.0,3,Mar,Summer,False
5611,2025-03-01,Neurology,13,Male,Planned,8,23421.0,3,Mar,Summer,False
6260,2025-03-02,Emergency,48,Male,Emergency,4,15101.0,3,Mar,Summer,False
5558,2025-03-02,Emergency,1,Male,Emergency,2,8290.0,3,Mar,Summer,False
5709,2025-03-03,Pediatrics,39,Female,Emergency,4,11516.0,3,Mar,Summer,False
5686,2025-03-03,Emergency,28,Female,Emergency,4,16240.0,3,Mar,Summer,False
6114,2025-03-03,Respiratory,78,Male,Referral,3,9189.0,3,Mar,Summer,False
5283,2025-03-03,Respiratory,38,Male,Planned,5,16708.0,3,Mar,Summer,False
5122,2025-03-03,Cardiology,36,Male,Referral,8,20747.0,3,Mar,Summer,False
5445,2025-03-04,Cardiology,15,Male,Planned,5,26718.0,3,Mar,Summer,False
5351,2025-03-04,Pediatrics,35,Male,Emergency,4,11830.0,3,Mar,Summer,False
5069,2025-03-04,General Medicine,47,Female,Referral,3,8354.0,3,Mar,Summer,False
5159,2025-03-05,Orthopedics,19,Male,Emergency,10,52539.0,3,Mar,Summer,False
6223,2025-03-05,Emergency,55,Male,Emergency,1,3179.0,3,Mar,Summer,False
6458,2025-03-05,Cardiology,32,Female,Emergency,8,23133.0,3,Mar,Summer,False
5383,2025-03-06,General Medicine,1,Female,Emergency,2,6270.0,3,Mar,Summer,False
5699,2025-03-06,Pediatrics,33,Male,Referral,2,10270.0,3,Mar,Summer,False
6107,2025-03-07,Emergency,64,Female,Emergency,2,10236.0,3,Mar,Summer,False
5935,2025-03-07,Emergency,41,Male,Planned,3,8973.0,3,Mar,Summer,False
5482,2025-03-07,Oncology,1,Female,Emergency,9,41122.0,3,Mar,Summer,False
5603,2025-03-07,Pediatrics,29,Male,Emergency,5,29279.0,3,Mar,Summer,False
5243,2025-03-08,Orthopedics,24,Female,Emergency,2,5232.0,3,Mar,Summer,False
5871,2025-03-08,Emergency,21,Female,Planned,3,16396.0,3,Mar,Summer,False
5951,2025-03-08,Emergency,38,Male,Planned,2,7030.0,3,Mar,Summer,False
5023,2025-03-08,General Medicine,23,Female,Planned,6,18957.0,3,Mar,Summer,False
5828,2025-03-09,Neurology,32,Female,Planned,5,14075.0,3,Mar,Summer,False
6077,2025-03-09,Emergency,32,Male,Planned,2,8485.0,3,Mar,Summer,False
5296,2025-03-10,Emergency,40,Male,Emergency,3,7576.0,3,Mar,Summer,False
5461,2025-03-10,Emergency,66,Female,Emergency,2,5325.0,3,Mar,Summer,False
6418,2025-03-10,Cardiology,45,Male,Emergency,9,26165.0,3,Mar,Summer,False
5832,2025-03-10,Emergency,84,Female,Referral,1,4038.0,3,Mar,Summer,False
6491,2025-03-11,Neurology,56,Female,Planned,6,34419.0,3,Mar,Summer,False
5377,2025-03-11,Oncology,30,Female,Emergency,8,33931.0,3,Mar,Summer,False
5516,2025-03-11,Orthopedics,27,Female,Referral,9,24694.0,3,Mar,Summer,False
6351,2025-03-11,Orthopedics,47,Male,Emergency,3,15952.0,3,Mar,Summer,False
5656,2025-03-11,General Medicine,68,Female,Planned,3,12364.0,3,Mar,Summer,False
5287,2025-03-11,Orthopedics,69,Male,Planned,9,22903.0,3,Mar,Summer,False
6476,2025-03-12,Pediatrics,50,Male,Planned,4,21194.0,3,Mar,Summer,False
5521,2025-03-12,Orthopedics,32,Female,Emergency,8,28056.0,3,Mar,Summer,False
5973,2025-03-12,Emergency,43,Male,Referral,2,9585.0,3,Mar,Summer,False
5268,2025-03-13,Oncology,18,Female,Planned,7,40629.0,3,Mar,Summer,False
6092,2025-03-13,General Medicine,79,Female,Planned,4,19109.0,3,Mar,Summer,False
5831,2025-03-14,Pediatrics,27,Female,Emergency,4,15641.0,3,Mar,Summer,False
5794,2025-03-14,Pediatrics,41,Male,Referral,1,5120.0,3,Mar,Summer,False
5711,2025-03-14,Emergency,82,Female,Planned,1,3333.0,3,Mar,Summer,False
6226,2025-03-14,Pediatrics,20,Male,Planned,4,16800.0,3,Mar,Summer,False
6405,2025-03-14,Respiratory,51,Female,Emergency,4,15380.0,3,Mar,Summer,False
5702,2025-03-15,Emergency,22,Male,Emergency,3,10123.0,3,Mar,Summer,False
5058,2025-03-15,Cardiology,37,Male,Referral,6,23950.0,3,Mar,Summer,False
5440,2025-03-15,Emergency,38,Male,Emergency,3,17365.0,3,Mar,Summer,False
6266,2025-03-16,General Medicine,32,Female,Referral,4,16937.0,3,Mar,Summer,False
5288,2025-03-16,General Medicine,67,Male,Emergency,2,5502.0,3,Mar,Summer,False
5325,2025-03-17,Pediatrics,76,Female,Emergency,4,20525.0,3,Mar,Summer,False
5705,2025-03-17,Pediatrics,35,Female,Planned,5,18298.0,3,Mar,Summer,False
6132,2025-03-17,Emergency,48,Female,Emergency,2,9203.0,3,Mar,Summer,False
6315,2025-03-18,Pediatrics,63,Male,Emergency,2,5149.0,3,Mar,Summer,False
5045,2025-03-18,General Medicine,5,Female,Emergency,2,11037.0,3,Mar,Summer,False
5690,2025-03-19,Neurology,19,Male,Planned,7,21096.0,3,Mar,Summer,False
5780,2025-03-19,General Medicine,31,Female,Planned,3,17454.0,3,Mar,Summer,False
5404,2025-03-19,Orthopedics,70,Female,Emergency,6,23038.0,3,Mar,Summer,False
5827,2025-03-19,Emergency,27,Male,Emergency,4,17122.0,3,Mar,Summer,False
5683,2025-03-19,Emergency,65,Male,Planned,4,16703.0,3,Mar,Summer,False
6117,2025-03-19,Emergency,49,Female,Emergency,1,3089.0,3,Mar,Summer,False
6497,2025-03-19,General Medicine,57,Female,Planned,4,14656.0,3,Mar,Summer,False
5800,2025-03-20,Emergency,27,Female,Planned,2,8806.0,3,Mar,Summer,False
5307,2025-03-20,Emergency,79,Female,Planned,3,17873.0,3,Mar,Summer,False
5979,2025-03-20,Orthopedics,34,Female,Emergency,5,25205.0,3,Mar,Summer,False
6359,2025-03-20,Oncology,56,Male,Planned,10,56586.0,3,Mar,Summer,False
6047,2025-03-20,Orthopedics,19,Male,Planned,6,25552.0,3,Mar,Summer,False
5775,2025-03-20,Cardiology,81,Male,Emergency,5,12585.0,3,Mar,Summer,False
5596,2025-03-20,Orthopedics,6,Female,Emergency,8,45395.0,3,Mar,Summer,False
5114,2025-03-20,Emergency,65,Female,Planned,4,13153.0,3,Mar,Summer,False
6035,2025-03-21,Oncology,1,Male,Emergency,13,58582.0,3,Mar,Summer,False
6069,2025-03-21,General Medicine,45,Male,Emergency,2,5169.0,3,Mar,Summer,False
5269,2025-03-21,Cardiology,72,Male,Emergency,6,27127.0,3,Mar,Summer,False
6331,2025-03-21,Emergency,44,Female,Emergency,2,8063.0,3,Mar,Summer,False
5698,2025-03-21,Pediatrics,20,Male,Emergency,2,7948.0,3,Mar,Summer,False
6205,2025-03-21,Emergency,85,Male,Referral,4,19501.0,3,Mar,Summer,False
5841,2025-03-21,General Medicine,17,Female,Planned,4,21533.0,3,Mar,Summer,False
5538,2025-03-22,Orthopedics,58,Female,Emergency,3,13354.0,3,Mar,Summer,False
6060,2025-03-22,Emergency,26,Female,Planned,1,5774.0,3,Mar,Summer,False
6032,2025-03-22,Orthopedics,27,Female,Emergency,5,29346.0,3,Mar,Summer,False
5289,2025-03-22,Emergency,95,Female,Planned,1,2529.0,3,Mar,Summer,False
5672,2025-03-22,General Medicine,52,Male,Emergency,1,5746.0,3,Mar,Summer,False
6113,2025-03-23,Orthopedics,1,Male,Emergency,7,34047.0,3,Mar,Summer,False
5852,2025-03-25,Neurology,19,Female,Planned,5,15691.0,3,Mar,Summer,False
6414,2025-03-25,Neurology,76,Male,Emergency,2,10004.0,3,Mar,Summer,False
6188,2025-03-25,Respiratory,34,Female,Emergency,4,13696.0,3,Mar,Summer,False
5764,2025-03-26,Pediatrics,77,Male,Emergency,4,14298.0,3,Mar,Summer,False
5767,2025-03-26,Respiratory,61,Female,Planned,5,20084.0,3,Mar,Summer,False
6362,2025-03-26,Emergency,36,Female,Referral,4,19872.0,3,Mar,Summer,False
5579,2025-03-27,Emergency,25,Female,Emergency,4,14545.0,3,Mar,Summer,False
5880,2025-03-27,Orthopedics,25,Female,Planned,3,11873.0,3,Mar,Summer,False
5701,2025-03-27,Emergency,78,Female,Planned,2,8885.0,3,Mar,Summer,False
5166,2025-03-27,Pediatrics,63,Male,Referral,5,21402.0,3,Mar,Summer,False
5419,2025-03-28,Pediatrics,72,Male,Referral,3,15019.0,3,Mar,Summer,False
6457,2025-03-28,Pediatrics,26,Male,Emergency,6,19209.0,3,Mar,Summer,False
5116,2025-03-28,General Medicine,8,Male,Emergency,2,8493.0,3,Mar,Summer,False
6311,2025-04-01,Orthopedics,40,Male,Referral,8,30192.0,4,Apr,Summer,False
5716,2025-04-01,Cardiology,53,Male,Planned,6,23565.0,4,Apr,Summer,False
5786,2025-04-01,Emergency,34,Male,Emergency,3,16097.0,4,Apr,Summer,False
5201,2025-04-01,Emergency,52,Female,Planned,3,10010.0,4,Apr,Summer,False
5684,2025-04-01,Oncology,81,Male,Emergency,4,11816.0,4,Apr,Summer,False
6050,2025-04-01,General Medicine,65,Female,Emergency,3,13149.0,4,Apr,Summer,False
6082,2025-04-01,Pediatrics,40,Male,Planned,8,29107.0,4,Apr,Summer,False
5272,2025-04-02,Orthopedics,59,Female,Emergency,7,29280.0,4,Apr,Summer,False
6492,2025-04-02,Cardiology,53,Male,Planned,5,16613.0,4,Apr,Summer,False
5264,2025-04-02,Cardiology,30,Male,Planned,9,42545.0,4,Apr,Summer,False
5258,2025-04-02,Pediatrics,57,Male,Planned,7,31768.0,4,Apr,Summer,False
5237,2025-04-03,Pediatrics,58,Female,Emergency,5,20431.0,4,Apr,Summer,False
5616,2025-04-03,Emergency,76,Female,Referral,3,15609.0,4,Apr,Summer,False
6472,2025-04-03,Pediatrics,53,Male,Planned,4,16682.0,4,Apr,Summer,False
5502,2025-04-03,Neurology,32,Female,Planned,10,55866.0,4,Apr,Summer,False
5644,2025-04-04,Oncology,27,Female,Planned,7,19819.0,4,Apr,Summer,False
5232,2025-04-04,Orthopedics,29,Male,Referral,8,34824.0,4,Apr,Summer,False
6155,2025-04-04,General Medicine,66,Male,Planned,4,21274.0,4,Apr,Summer,False
5247,2025-04-04,General Medicine,47,Female,Planned,6,17183.0,4,Apr,Summer,False
6201,2025-04-04,Neurology,64,Female,Planned,8,44317.0,4,Apr,Summer,False
6499,2025-04-04,Oncology,53,Male,Emergency,10,50713.0,4,Apr,Summer,False
5571,2025-04-04,General Medicine,85,Female,Emergency,4,17176.0,4,Apr,Summer,False
5190,2025-04-04,Pediatrics,75,Male,Referral,3,13496.0,4,Apr,Summer,False
5455,2025-04-05,Pediatrics,61,Female,Referral,4,14668.0,4,Apr,Summer,False
5413,2025-04-05,Orthopedics,55,Female,Emergency,9,37076.0,4,Apr,Summer,False
5511,2025-04-06,Cardiology,24,Male,Emergency,9,34946.0,4,Apr,Summer,False
5158,2025-04-06,Pediatrics,12,Female,Emergency,4,11415.0,4,Apr,Summer,False
6111,2025-04-06,Emergency,18,Male,Emergency,4,13655.0,4,Apr,Summer,False
6112,2025-04-06,Emergency,40,Female,Planned,2,10353.0,4,Apr,Summer,False
5103,2025-04-07,Emergency,63,Female,Planned,3,16408.0,4,Apr,Summer,False
5821,2025-04-07,Emergency,13,Female,Planned,2,9296.0,4,Apr,Summer,False
5047,2025-04-08,Pediatrics,16,Female,Planned,3,12886.0,4,Apr,Summer,False
5532,2025-04-08,Emergency,47,Female,Emergency,1,2891.0,4,Apr,Summer,False
5725,2025-04-08,Orthopedics,49,Female,Emergency,6,22648.0,4,Apr,Summer,False
5091,2025-04-09,Pediatrics,51,Male,Planned,4,21188.0,4,Apr,Summer,False
5136,2025-04-09,Emergency,37,Male,Emergency,1,2954.0,4,Apr,Summer,False
6172,2025-04-10,Emergency,1,Female,Planned,2,6619.0,4,Apr,Summer,False
6321,2025-04-10,General Medicine,75,Female,Planned,6,31220.0,4,Apr,Summer,False
5162,2025-04-10,Pediatrics,64,Male,Emergency,3,15813.0,4,Apr,Summer,False
5494,2025-04-10,Emergency,45,Female,Planned,3,9988.0,4,Apr,Summer,False
5778,2025-04-11,Neurology,69,Male,Emergency,8,25303.0,4,Apr,Summer,False
5297,2025-04-11,Respiratory,95,Female,Planned,4,13960.0,4,Apr,Summer,False
6435,2025-04-11,Respiratory,45,Male,Emergency,4,18316.0,4,Apr,Summer,False
5027,2025-04-12,Cardiology,47,Male,Emergency,5,20025.0,4,Apr,Summer,False
5559,2025-04-12,Respiratory,28,Female,Emergency,7,32890.0,4,Apr,Summer,False
5727,2025-04-12,Orthopedics,29,Female,Planned,4,19570.0,4,Apr,Summer,False
5284,2025-04-12,Emergency,58,Male,Emergency,2,10222.0,4,Apr,Summer,False
6403,2025-04-12,Respiratory,38,Female,Planned,2,6358.0,4,Apr,Summer,False
5813,2025-04-12,Respiratory,55,Male,Planned,6,17134.0,4,Apr,Summer,False
6154,2025-04-13,Cardiology,48,Male,Referral,6,23948.0,4,Apr,Summer,False
5334,2025-04-13,Neurology,23,Female,Planned,6,22807.0,4,Apr,Summer,False
5119,2025-04-13,Orthopedics,24,Female,Planned,5,26263.0,4,Apr,Summer,False
5572,2025-04-13,Pediatrics,86,Male,Planned,6,30165.0,4,Apr,Summer,False
5220,2025-04-13,Pediatrics,19,Female,Emergency,6,21549.0,4,Apr,Summer,False
6299,2025-04-13,Emergency,22,Female,Planned,1,4623.0,4,Apr,Summer,False
6399,2025-04-14,Orthopedics,4,Male,Planned,2,9433.0,4,Apr,Summer,False
6164,2025-04-14,Emergency,48,Female,Emergency,1,4717.0,4,Apr,Summer,False
6097,2025-04-14,Orthopedics,49,Male,Emergency,3,12440.0,4,Apr,Summer,False
6037,2025-04-15,Neurology,58,Female,Planned,5,18240.0,4,Apr,Summer,False
5177,2025-04-15,Cardiology,49,Female,Planned,6,22629.0,4,Apr,Summer,False
6404,2025-04-15,Emergency,15,Female,Referral,3,15828.0,4,Apr,Summer,False
5731,2025-04-16,Emergency,64,Male,Planned,3,11987.0,4,Apr,Summer,False
5861,2025-04-16,Orthopedics,90,Female,Referral,7,40848.0,4,Apr,Summer,False
5454,2025-04-16,Emergency,32,Male,Planned,4,10518.0,4,Apr,Summer,False
5167,2025-04-16,Pediatrics,32,Female,Planned,5,29236.0,4,Apr,Summer,False
5341,2025-04-16,Cardiology,45,Male,Planned,5,23619.0,4,Apr,Summer,False
5345,2025-04-17,Neurology,45,Male,Emergency,8,36761.0,4,Apr,Summer,False
6015,2025-04-17,Cardiology,53,Male,Emergency,5,13288.0,4,Apr,Summer,False
5599,2025-04-17,Cardiology,41,Male,Emergency,6,19986.0,4,Apr,Summer,False
5835,2025-04-17,Emergency,62,Female,Planned,2,7331.0,4,Apr,Summer,False
6056,2025-04-18,Neurology,33,Male,Planned,5,20710.0,4,Apr,Summer,False
5495,2025-04-18,Orthopedics,34,Female,Planned,7,28465.0,4,Apr,Summer,False
5393,2025-04-18,Oncology,61,Male,Emergency,3,9056.0,4,Apr,Summer,False
5801,2025-04-19,General Medicine,57,Female,Emergency,5,25261.0,4,Apr,Summer,False
5600,2025-04-19,Orthopedics,66,Male,Planned,3,10883.0,4,Apr,Summer,False
5430,2025-04-20,Neurology,46,Male,Planned,8,43109.0,4,Apr,Summer,False
5373,2025-04-21,Emergency,3,Male,Planned,2,8544.0,4,Apr,Summer,False
5169,2025-04-22,Pediatrics,22,Male,Referral,1,5825.0,4,Apr,Summer,False
5666,2025-04-22,Orthopedics,23,Male,Emergency,5,18218.0,4,Apr,Summer,False
5943,2025-04-23,Cardiology,37,Male,Planned,1,3198.0,4,Apr,Summer,False
5941,2025-04-23,Respiratory,30,Female,Emergency,6,31486.0,4,Apr,Summer,False
6135,2025-04-23,Emergency,23,Female,Referral,1,4956.0,4,Apr,Summer,False
5081,2025-04-24,Neurology,47,Male,Planned,7,25197.0,4,Apr,Summer,False
5901,2025-04-24,General Medicine,43,Female,Emergency,6,21183.0,4,Apr,Summer,False
5294,2025-04-24,Orthopedics,46,Female,Emergency,7,39148.0,4,Apr,Summer,False
5638,2025-04-24,Pediatrics,32,Female,Planned,3,8001.0,4,Apr,Summer,False
5938,2025-04-25,Pediatrics,45,Female,Referral,4,19574.0,4,Apr,Summer,False
6488,2025-04-25,Emergency,57,Male,Planned,2,9936.0,4,Apr,Summer,False
5540,2025-04-25,Orthopedics,46,Female,Planned,7,33834.0,4,Apr,Summer,False
6199,2025-04-26,General Medicine,81,Male,Emergency,2,8299.0,4,Apr,Summer,False
6072,2025-04-26,Emergency,74,Female,Planned,2,9848.0,4,Apr,Summer,False
5706,2025-04-26,Pediatrics,84,Female,Planned,4,17776.0,4,Apr,Summer,False
5631,2025-04-27,Emergency,20,Male,Referral,1,3064.0,4,Apr,Summer,False
5322,2025-04-27,Respiratory,48,Male,Planned,5,25478.0,4,Apr,Summer,False
5124,2025-04-27,Orthopedics,68,Male,Emergency,4,20811.0,4,Apr,Summer,False
5194,2025-04-28,Orthopedics,55,Male,Planned,7,21490.0,4,Apr,Summer,False
5155,2025-05-01,Pediatrics,33,Male,Emergency,6,21554.0,5,May,Summer,False
5101,2025-05-01,General Medicine,22,Male,Emergency,7,21586.0,5,May,Summer,False
5392,2025-05-01,Pediatrics,8,Male,Planned,1,3388.0,5,May,Summer,False
5449,2025-05-02,General Medicine,68,Female,Emergency,4,13685.0,5,May,Summer,False
5795,2025-05-02,Orthopedics,67,Female,Emergency,5,23958.0,5,May,Summer,False
5653,2025-05-02,Emergency,47,Female,Planned,3,8898.0,5,May,Summer,False
6425,2025-05-02,Pediatrics,56,Female,Emergency,5,23188.0,5,May,Summer,False
6079,2025-05-03,Orthopedics,51,Male,Emergency,5,21598.0,5,May,Summer,False
6094,2025-05-03,Respiratory,55,Male,Emergency,5,24553.0,5,May,Summer,False
6022,2025-05-03,Orthopedics,46,Female,Planned,6,18672.0,5,May,Summer,False
6348,2025-05-03,Oncology,50,Male,Planned,7,23343.0,5,May,Summer,False
5662,2025-05-03,Cardiology,30,Female,Referral,8,35951.0,5,May,Summer,False
5949,2025-05-04,General Medicine,26,Female,Emergency,7,23198.0,5,May,Summer,False
5471,2025-05-05,Orthopedics,6,Female,Referral,3,9580.0,5,May,Summer,False
5070,2025-05-05,Emergency,8,Male,Planned,1,4086.0,5,May,Summer,False
6305,2025-05-05,Cardiology,63,Female,Referral,3,9788.0,5,May,Summer,False
5963,2025-05-06,Respiratory,58,Female,Planned,6,35901.0,5,May,Summer,False
6332,2025-05-06,Cardiology,20,Female,Emergency,5,21990.0,5,May,Summer,False
5021,2025-05-06,Pediatrics,31,Male,Referral,2,7488.0,5,May,Summer,False
5176,2025-05-06,Respiratory,49,Female,Planned,7,21845.0,5,May,Summer,False
5685,2025-05-06,General Medicine,31,Male,Emergency,2,8333.0,5,May,Summer,False
6390,2025-05-06,General Medicine,95,Male,Planned,2,9536.0,5,May,Summer,False
5255,2025-05-07,General Medicine,50,Female,Emergency,2,11656.0,5,May,Summer,False
5271,2025-05-07,Emergency,49,Male,Referral,2,5973.0,5,May,Summer,False
5817,2025-05-08,Emergency,74,Male,Emergency,2,7907.0,5,May,Summer,False
6339,2025-05-08,Emergency,46,Male,Planned,3,14890.0,5,May,Summer,False
5001,2025-05-09,General Medicine,55,Male,Emergency,5,21483.0,5,May,Summer,False
6481,2025-05-10,Neurology,77,Male,Emergency,8,35930.0,5,May,Summer,False
6011,2025-05-10,Pediatrics,18,Female,Planned,4,16699.0,5,May,Summer,False
5221,2025-05-11,Pediatrics,54,Female,Planned,4,12004.0,5,May,Summer,False
5266,2025-05-11,Orthopedics,50,Male,Planned,5,14090.0,5,May,Summer,False
5724,2025-05-11,General Medicine,35,Male,Emergency,5,29895.0,5,May,Summer,False
6128,2025-05-11,Cardiology,11,Male,Planned,4,23293.0,5,May,Summer,False
5074,2025-05-11,Neurology,1,Female,Planned,8,34675.0,5,May,Summer,False
5641,2025-05-11,General Medicine,32,Female,Planned,4,16786.0,5,May,Summer,False
5492,2025-05-12,Emergency,38,Female,Emergency,4,18992.0,5,May,Summer,False
5037,2025-05-12,General Medicine,66,Female,Emergency,4,20798.0,5,May,Summer,False
5357,2025-05-12,Emergency,37,Female,Emergency,3,17091.0,5,May,Summer,False
6480,2025-05-12,Orthopedics,53,Female,Emergency,8,34849.0,5,May,Summer,False
6361,2025-05-13,Emergency,48,Female,Planned,3,13816.0,5,May,Summer,False
5300,2025-05-13,Emergency,76,Female,Planned,2,9586.0,5,May,Summer,False
5200,2025-05-13,Cardiology,41,Female,Referral,6,30920.0,5,May,Summer,False
5434,2025-05-14,Pediatrics,28,Female,Planned,4,12304.0,5,May,Summer,False
5329,2025-05-14,Pediatrics,85,Male,Referral,2,7226.0,5,May,Summer,False
5892,2025-05-14,Orthopedics,49,Female,Planned,9,34934.0,5,May,Summer,False
5996,2025-05-14,Oncology,47,Female,Planned,13,70523.0,5,May,Summer,False
5947,2025-05-14,Oncology,48,Male,Emergency,9,34850.0,5,May,Summer,False
5142,2025-05-15,Neurology,17,Female,Emergency,7,20860.0,5,May,Summer,False
6118,2025-05-15,Cardiology,2,Male,Planned,9,44892.0,5,May,Summer,False
6109,2025-05-15,Respiratory,31,Female,Emergency,6,29177.0,5,May,Summer,False
6327,2025-05-15,Pediatrics,1,Male,Emergency,1,3604.0,5,May,Summer,False
5940,2025-05-16,Emergency,43,Female,Planned,2,5831.0,5,May,Summer,False
6105,2025-05-16,General Medicine,49,Female,Planned,3,17131.0,5,May,Summer,False
6200,2025-05-16,Orthopedics,57,Female,Emergency,8,31707.0,5,May,Summer,False
5923,2025-05-17,Orthopedics,59,Male,Emergency,5,29498.0,5,May,Summer,False
5121,2025-05-17,General Medicine,85,Male,Planned,4,19816.0,5,May,Summer,False
6012,2025-05-18,Neurology,47,Female,Planned,8,26601.0,5,May,Summer,False
6175,2025-05-18,General Medicine,64,Male,Referral,1,4078.0,5,May,Summer,False
6484,2025-05-18,General Medicine,70,Female,Planned,4,11093.0,5,May,Summer,False
5755,2025-05-18,Oncology,24,Female,Planned,7,31286.0,5,May,Summer,False
6463,2025-05-19,Oncology,33,Female,Referral,12,57337.0,5,May,Summer,False
5196,2025-05-20,Emergency,12,Male,Referral,2,6142.0,5,May,Summer,False
5972,2025-05-21,Respiratory,54,Male,Planned,7,38292.0,5,May,Summer,False
5761,2025-05-21,General Medicine,14,Female,Planned,3,9712.0,5,May,Summer,False
6461,2025-05-21,General Medicine,86,Female,Planned,5,21630.0,5,May,Summer,False
6098,2025-05-21,General Medicine,36,Female,Planned,6,19316.0,5,May,Summer,False
5643,2025-05-21,Orthopedics,46,Female,Planned,7,17873.0,5,May,Summer,False
6150,2025-05-21,Orthopedics,3,Male,Emergency,10,55124.0,5,May,Summer,False
5312,2025-05-22,Emergency,21,Female,Emergency,4,18884.0,5,May,Summer,False
5132,2025-05-22,Emergency,20,Female,Referral,2,9688.0,5,May,Summer,False
5961,2025-05-23,Pediatrics,18,Male,Planned,3,9035.0,5,May,Summer,False
5915,2025-05-23,Emergency,27,Female,Planned,3,9903.0,5,May,Summer,False
6031,2025-05-23,Cardiology,72,Female,Planned,6,34461.0,5,May,Summer,False
5591,2025-05-23,Orthopedics,32,Female,Emergency,7,38303.0,5,May,Summer,False
5444,2025-05-24,Cardiology,41,Female,Emergency,9,50020.0,5,May,Summer,False
5374,2025-05-24,Cardiology,27,Male,Planned,3,15704.0,5,May,Summer,False
6328,2025-05-25,General Medicine,19,Female,Planned,3,17304.0,5,May,Summer,False
5337,2025-05-25,Pediatrics,33,Male,Emergency,4,14450.0,5,May,Summer,False
5213,2025-05-26,Pediatrics,43,Female,Emergency,4,10447.0,5,May,Summer,False
5215,2025-05-26,Emergency,57,Male,Planned,3,15146.0,5,May,Summer,False
6289,2025-05-26,General Medicine,14,Female,Planned,5,19177.0,5,May,Summer,False
6429,2025-05-26,Pediatrics,53,Female,Emergency,3,9751.0,5,May,Summer,False
5417,2025-05-27,Cardiology,28,Male,Referral,5,16582.0,5,May,Summer,False
5164,2025-05-27,Pediatrics,89,Male,Emergency,3,14944.0,5,May,Summer,False
6110,2025-05-27,Neurology,37,Male,Referral,8,33974.0,5,May,Summer,False
5564,2025-05-27,Respiratory,53,Female,Emergency,6,33606.0,5,May,Summer,False
5563,2025-05-28,General Medicine,7,Male,Emergency,5,29732.0,5,May,Summer,False
5472,2025-05-28,Respiratory,60,Male,Planned,7,37569.0,5,May,Summer,False
5253,2025-05-28,Orthopedics,62,Female,Planned,7,27821.0,5,May,Summer,False
5365,2025-06-01,Emergency,30,Male,Planned,4,23342.0,6,Jun,Monsoon,False
5634,2025-06-01,Cardiology,45,Female,Emergency,2,5921.0,6,Jun,Monsoon,False
5479,2025-06-02,General Medicine,48,Female,Emergency,1,4437.0,6,Jun,Monsoon,False
6413,2025-06-02,Pediatrics,78,Female,Emergency,4,19575.0,6,Jun,Monsoon,False
5010,2025-06-02,Respiratory,23,Male,Planned,7,35944.0,6,Jun,Monsoon,False
5061,2025-06-02,Neurology,75,Female,Referral,7,32125.5,6,Jun,Monsoon,False
5380,2025-06-02,Orthopedics,41,Female,Planned,5,15154.0,6,Jun,Monsoon,False
6191,2025-06-02,General Medicine,24,Female,Emergency,3,10658.0,6,Jun,Monsoon,False
5514,2025-06-03,Pediatrics,8,Male,Planned,4,19075.0,6,Jun,Monsoon,False
6177,2025-06-03,Emergency,60,Female,Planned,3,10148.0,6,Jun,Monsoon,False
5246,2025-06-03,Orthopedics,48,Male,Referral,7,27377.0,6,Jun,Monsoon,False
6004,2025-06-03,Emergency,17,Male,Emergency,3,12177.0,6,Jun,Monsoon,False
5660,2025-06-03,Pediatrics,73,Female,Emergency,3,8620.0,6,Jun,Monsoon,False
6437,2025-06-03,Emergency,58,Female,Planned,3,16717.0,6,Jun,Monsoon,False
5127,2025-06-04,Pediatrics,70,Male,Emergency,3,9540.0,6,Jun,Monsoon,False
5469,2025-06-05,Pediatrics,65,Female,Emergency,5,22254.0,6,Jun,Monsoon,False
5954,2025-06-05,Emergency,86,Male,Planned,3,14377.0,6,Jun,Monsoon,False
5224,2025-06-05,General Medicine,7,Female,Emergency,5,13916.0,6,Jun,Monsoon,False
5128,2025-06-05,Neurology,56,Male,Planned,5,23166.0,6,Jun,Monsoon,False
6398,2025-06-06,Cardiology,9,Female,Planned,4,14387.0,6,Jun,Monsoon,False
5436,2025-06-06,Cardiology,43,Male,Emergency,8,33302.0,6,Jun,Monsoon,False
6184,2025-06-06,Oncology,31,Female,Emergency,5,16451.0,6,Jun,Monsoon,False
6434,2025-06-06,Respiratory,21,Female,Planned,3,10951.0,6,Jun,Monsoon,False
5928,2025-06-06,General Medicine,36,Female,Planned,4,22663.0,6,Jun,Monsoon,False
6246,2025-06-07,Orthopedics,88,Male,Emergency,4,12104.0,6,Jun,Monsoon,False
5459,2025-06-07,Orthopedics,69,Male,Planned,9,46397.0,6,Jun,Monsoon,False
6228,2025-06-07,Neurology,29,Female,Planned,10,45964.0,6,Jun,Monsoon,False
5736,2025-06-07,Orthopedics,48,Female,Emergency,7,34327.0,6,Jun,Monsoon,False
5152,2025-06-07,Oncology,47,Female,Emergency,9,30358.0,6,Jun,Monsoon,False
5106,2025-06-08,Pediatrics,52,Female,Referral,3,13307.0,6,Jun,Monsoon,False
5965,2025-06-08,Orthopedics,60,Female,Planned,4,13575.0,6,Jun,Monsoon,False
6412,2025-06-08,Emergency,55,Female,Planned,3,15935.0,6,Jun,Monsoon,False
5034,2025-06-09,Orthopedics,30,Male,Planned,9,23924.0,6,Jun,Monsoon,False
5595,2025-06-09,General Medicine,22,Male,Emergency,4,21082.0,6,Jun,Monsoon,False
5721,2025-06-09,Emergency,43,Male,Emergency,2,8034.0,6,Jun,Monsoon,False
5324,2025-06-10,Pediatrics,23,Female,Referral,4,12407.0,6,Jun,Monsoon,False
5566,2025-06-10,Orthopedics,84,Female,Emergency,9,51615.0,6,Jun,Monsoon,False
5410,2025-06-10,Emergency,21,Male,Planned,2,10122.0,6,Jun,Monsoon,False
5604,2025-06-10,Oncology,26,Male,Emergency,11,61710.0,6,Jun,Monsoon,False
5620,2025-06-11,Respiratory,42,Female,Emergency,8,27160.0,6,Jun,Monsoon,False
5654,2025-06-11,Emergency,52,Female,Emergency,4,20566.0,6,Jun,Monsoon,False
5580,2025-06-11,General Medicine,48,Female,Planned,3,16000.5,6,Jun,Monsoon,False
5854,2025-06-11,Cardiology,30,Male,Emergency,5,17063.0,6,Jun,Monsoon,False
6152,2025-06-12,Pediatrics,36,Female,Emergency,1,4692.0,6,Jun,Monsoon,False
5188,2025-06-13,Emergency,75,Male,Planned,3,16656.0,6,Jun,Monsoon,False
6081,2025-06-13,Oncology,28,Female,Emergency,12,54564.0,6,Jun,Monsoon,False
5726,2025-06-13,Neurology,15,Male,Emergency,1,3729.0,6,Jun,Monsoon,False
6073,2025-06-14,Cardiology,35,Female,Planned,6,23133.0,6,Jun,Monsoon,False
5214,2025-06-14,General Medicine,69,Female,Planned,4,10299.0,6,Jun,Monsoon,False
5708,2025-06-14,Emergency,32,Female,Planned,2,11693.0,6,Jun,Monsoon,False
6436,2025-06-14,General Medicine,43,Female,Emergency,1,4028.0,6,Jun,Monsoon,False
5002,2025-06-15,General Medicine,62,Male,Emergency,5,27330.0,6,Jun,Monsoon,False
5925,2025-06-15,General Medicine,1,Female,Emergency,2,6594.0,6,Jun,Monsoon,False
5956,2025-06-16,Pediatrics,25,Male,Planned,4,23790.0,6,Jun,Monsoon,False
5227,2025-06-16,Respiratory,66,Female,Emergency,5,28072.0,6,Jun,Monsoon,False
5356,2025-06-17,Oncology,58,Male,Planned,8,33178.0,6,Jun,Monsoon,False
6307,2025-06-18,Orthopedics,8,Male,Emergency,7,34141.0,6,Jun,Monsoon,False
6247,2025-06-18,Oncology,62,Male,Referral,7,35798.0,6,Jun,Monsoon,False
5141,2025-06-18,Orthopedics,71,Female,Planned,9,51777.0,6,Jun,Monsoon,False
6252,2025-06-19,Pediatrics,70,Female,Planned,3,13048.0,6,Jun,Monsoon,False
5095,2025-06-19,Respiratory,60,Male,Planned,6,27862.0,6,Jun,Monsoon,False
5866,2025-06-19,Orthopedics,5,Female,Referral,9,51986.0,6,Jun,Monsoon,False
5133,2025-06-19,Emergency,34,Female,Emergency,2,7711.0,6,Jun,Monsoon,False
5987,2025-06-20,Oncology,26,Male,Emergency,4,22608.0,6,Jun,Monsoon,False
6322,2025-06-20,Pediatrics,51,Male,Planned,4,19301.0,6,Jun,Monsoon,False
5226,2025-06-20,Orthopedics,34,Female,Emergency,5,27581.0,6,Jun,Monsoon,False
6306,2025-06-20,Pediatrics,28,Male,Planned,5,21019.0,6,Jun,Monsoon,False
5952,2025-06-20,Pediatrics,31,Female,Emergency,3,17952.0,6,Jun,Monsoon,False
6400,2025-06-21,Pediatrics,60,Male,Referral,5,14810.0,6,Jun,Monsoon,False
5707,2025-06-21,Cardiology,59,Female,Referral,4,23177.0,6,Jun,Monsoon,False
5543,2025-06-21,Orthopedics,49,Female,Emergency,5,27781.0,6,Jun,Monsoon,False
5497,2025-06-21,Cardiology,22,Male,Planned,4,13875.0,6,Jun,Monsoon,False
5339,2025-06-21,Pediatrics,1,Female,Emergency,5,26342.0,6,Jun,Monsoon,False
6257,2025-06-21,Respiratory,47,Female,Emergency,7,35704.0,6,Jun,Monsoon,False
6207,2025-06-22,Emergency,8,Male,Emergency,3,11226.0,6,Jun,Monsoon,False
6251,2025-06-22,Orthopedics,71,Male,Planned,6,32061.0,6,Jun,Monsoon,False
6380,2025-06-23,Pediatrics,49,Male,Emergency,1,2903.0,6,Jun,Monsoon,False
6263,2025-06-23,General Medicine,83,Female,Referral,3,11667.0,6,Jun,Monsoon,False
5946,2025-06-25,Respiratory,59,Female,Planned,4,17752.0,6,Jun,Monsoon,False
5587,2025-06-25,Pediatrics,95,Female,Planned,3,7846.0,6,Jun,Monsoon,False
5442,2025-06-25,Oncology,35,Male,Emergency,10,42435.0,6,Jun,Monsoon,False
5680,2025-06-25,Pediatrics,42,Female,Emergency,2,7173.0,6,Jun,Monsoon,False
6119,2025-06-25,Pediatrics,91,Female,Emergency,3,10407.0,6,Jun,Monsoon,False
6182,2025-06-25,Emergency,19,Female,Referral,1,2571.0,6,Jun,Monsoon,False
5815,2025-06-25,General Medicine,40,Male,Planned,1,2612.0,6,Jun,Monsoon,False
5012,2025-06-25,Cardiology,83,Female,Referral,8,34507.0,6,Jun,Monsoon,False
5678,2025-06-26,Pediatrics,54,Male,Referral,6,18520.0,6,Jun,Monsoon,False
5172,2025-06-26,Neurology,19,Female,Planned,9,51829.0,6,Jun,Monsoon,False
5274,2025-06-26,Pediatrics,54,Male,Planned,2,5394.0,6,Jun,Monsoon,False
6498,2025-06-27,Orthopedics,52,Male,Planned,5,21491.0,6,Jun,Monsoon,False
5508,2025-06-27,Cardiology,74,Female,Planned,8,37313.0,6,Jun,Monsoon,False
6345,2025-06-27,Neurology,5,Male,Planned,13,54560.0,6,Jun,Monsoon,False
5597,2025-06-27,Pediatrics,14,Male,Referral,1,4345.0,6,Jun,Monsoon,False
5547,2025-06-27,Orthopedics,70,Female,Emergency,3,12032.0,6,Jun,Monsoon,False
5541,2025-06-28,Emergency,31,Female,Emergency,3,17637.0,6,Jun,Monsoon,False
5739,2025-06-28,Respiratory,30,Female,Planned,1,3423.0,6,Jun,Monsoon,False
5435,2025-06-28,General Medicine,46,Female,Emergency,2,9092.0,6,Jun,Monsoon,False
5955,2025-07-01,Pediatrics,68,Female,Referral,5,20989.0,7,Jul,Monsoon,False
5330,2025-07-01,Emergency,52,Male,Referral,2,11951.0,7,Jul,Monsoon,False
5615,2025-07-01,Emergency,15,Female,Referral,4,21167.0,7,Jul,Monsoon,False
5366,2025-07-01,Cardiology,41,Male,Planned,2,8754.0,7,Jul,Monsoon,False
6209,2025-07-01,Orthopedics,76,Female,Planned,6,16211.0,7,Jul,Monsoon,False
5309,2025-07-02,Cardiology,67,Male,Referral,7,24451.0,7,Jul,Monsoon,False
6076,2025-07-02,Emergency,19,Female,Planned,2,11970.0,7,Jul,Monsoon,False
6462,2025-07-02,General Medicine,32,Male,Emergency,3,8483.0,7,Jul,Monsoon,False
6453,2025-07-02,Emergency,53,Male,Emergency,3,13282.0,7,Jul,Monsoon,False
6192,2025-07-02,Pediatrics,59,Male,Planned,6,31758.0,7,Jul,Monsoon,False
5937,2025-07-03,Oncology,63,Male,Emergency,7,31229.0,7,Jul,Monsoon,False
6168,2025-07-03,Emergency,29,Female,Planned,2,7184.0,7,Jul,Monsoon,False
5306,2025-07-03,Emergency,13,Male,Planned,4,22072.0,7,Jul,Monsoon,False
5931,2025-07-03,Pediatrics,24,Female,Emergency,2,7389.0,7,Jul,Monsoon,False
5568,2025-07-03,Oncology,65,Male,Emergency,6,24878.0,7,Jul,Monsoon,False
5418,2025-07-03,Emergency,51,Male,Emergency,4,20439.0,7,Jul,Monsoon,False
5581,2025-07-04,General Medicine,63,Female,Planned,4,12120.0,7,Jul,Monsoon,False
5529,2025-07-04,Cardiology,26,Female,Emergency,6,20248.0,7,Jul,Monsoon,False
5588,2025-07-04,Pediatrics,1,Female,Planned,4,19213.0,7,Jul,Monsoon,False
6280,2025-07-04,Emergency,42,Male,Planned,3,17046.0,7,Jul,Monsoon,False
5400,2025-07-04,Emergency,1,Female,Emergency,3,14013.0,7,Jul,Monsoon,False
5756,2025-07-04,Oncology,40,Female,Planned,11,31825.0,7,Jul,Monsoon,False
5665,2025-07-04,Cardiology,1,Male,Referral,6,15200.0,7,Jul,Monsoon,False
5052,2025-07-04,General Medicine,89,Male,Planned,3,12208.0,7,Jul,Monsoon,False
6372,2025-07-04,Cardiology,50,Male,Planned,6,23705.0,7,Jul,Monsoon,False
5848,2025-07-05,Emergency,38,Male,Planned,3,13683.0,7,Jul,Monsoon,False
5438,2025-07-05,Emergency,84,Male,Emergency,3,17719.0,7,Jul,Monsoon,False
5039,2025-07-05,Emergency,55,Female,Emergency,2,5567.0,7,Jul,Monsoon,False
6178,2025-07-05,Orthopedics,59,Female,Emergency,4,19699.0,7,Jul,Monsoon,False
5483,2025-07-06,Emergency,95,Female,Emergency,2,5450.0,7,Jul,Monsoon,False
5126,2025-07-06,Oncology,28,Male,Emergency,11,65079.0,7,Jul,Monsoon,False
6146,2025-07-06,Pediatrics,48,Male,Planned,4,11697.0,7,Jul,Monsoon,False
5657,2025-07-06,Orthopedics,78,Male,Emergency,6,25942.0,7,Jul,Monsoon,False
6456,2025-07-06,Pediatrics,35,Female,Emergency,6,33296.0,7,Jul,Monsoon,False
5151,2025-07-06,Pediatrics,51,Female,Planned,1,4067.0,7,Jul,Monsoon,False
6309,2025-07-06,Emergency,57,Male,Emergency,2,6123.0,7,Jul,Monsoon,False
5710,2025-07-07,Emergency,46,Female,Emergency,2,11229.0,7,Jul,Monsoon,False
5144,2025-07-07,Respiratory,42,Male,Planned,7,36374.0,7,Jul,Monsoon,False
6411,2025-07-07,Cardiology,29,Male,Emergency,6,18751.0,7,Jul,Monsoon,False
5402,2025-07-07,Cardiology,40,Female,Referral,7,34181.0,7,Jul,Monsoon,False
6460,2025-07-07,Pediatrics,30,Female,Emergency,1,5962.0,7,Jul,Monsoon,False
5046,2025-07-08,Pediatrics,26,Female,Emergency,1,5210.0,7,Jul,Monsoon,False
5602,2025-07-08,Orthopedics,19,Male,Planned,1,4991.0,7,Jul,Monsoon,False
5674,2025-07-08,Pediatrics,43,Female,Emergency,3,12527.0,7,Jul,Monsoon,False
6287,2025-07-08,Emergency,65,Female,Emergency,3,15047.0,7,Jul,Monsoon,False
5887,2025-07-08,Emergency,58,Male,Emergency,3,7881.0,7,Jul,Monsoon,False
5855,2025-07-08,Neurology,82,Male,Emergency,9,33416.0,7,Jul,Monsoon,False
6439,2025-07-09,Orthopedics,13,Female,Emergency,9,38516.0,7,Jul,Monsoon,False
6236,2025-07-10,General Medicine,1,Female,Emergency,5,26925.0,7,Jul,Monsoon,False
6253,2025-07-10,Emergency,39,Female,Emergency,3,9409.0,7,Jul,Monsoon,False
6023,2025-07-10,General Medicine,50,Male,Referral,4,22949.0,7,Jul,Monsoon,False
5765,2025-07-11,Oncology,32,Female,Planned,3,15198.0,7,Jul,Monsoon,False
5762,2025-07-11,Respiratory,35,Female,Emergency,7,37533.0,7,Jul,Monsoon,False
5208,2025-07-11,Orthopedics,23,Female,Planned,8,35934.0,7,Jul,Monsoon,False
6051,2025-07-11,General Medicine,16,Male,Emergency,6,21431.0,7,Jul,Monsoon,False
6273,2025-07-12,General Medicine,66,Male,Planned,5,22869.0,7,Jul,Monsoon,False
5260,2025-07-12,Orthopedics,64,Male,Emergency,8,28705.0,7,Jul,Monsoon,False
5607,2025-07-12,Pediatrics,40,Male,Planned,3,12580.0,7,Jul,Monsoon,False
5544,2025-07-12,Orthopedics,33,Male,Emergency,5,23439.0,7,Jul,Monsoon,False
6410,2025-07-13,Emergency,65,Male,Emergency,4,18406.0,7,Jul,Monsoon,False
5757,2025-07-13,Emergency,63,Female,Emergency,3,9139.0,7,Jul,Monsoon,False
5651,2025-07-13,Oncology,22,Male,Referral,9,29779.0,7,Jul,Monsoon,False
6495,2025-07-14,Oncology,39,Male,Emergency,11,34689.0,7,Jul,Monsoon,False
6156,2025-07-14,Emergency,80,Male,Emergency,4,23426.0,7,Jul,Monsoon,False
5722,2025-07-14,Emergency,36,Female,Planned,2,11252.0,7,Jul,Monsoon,False
6185,2025-07-14,General Medicine,36,Female,Emergency,2,8944.0,7,Jul,Monsoon,False
5338,2025-07-14,Emergency,10,Female,Emergency,3,17966.0,7,Jul,Monsoon,False
5485,2025-07-14,General Medicine,95,Female,Emergency,3,17755.0,7,Jul,Monsoon,False
6378,2025-07-14,Cardiology,66,Male,Emergency,3,9578.0,7,Jul,Monsoon,False
5509,2025-07-14,Cardiology,14,Male,Planned,3,12554.0,7,Jul,Monsoon,False
5210,2025-07-14,Respiratory,59,Female,Emergency,7,39667.0,7,Jul,Monsoon,False
5147,2025-07-14,Cardiology,33,Female,Planned,5,20158.0,7,Jul,Monsoon,False
5694,2025-07-14,Respiratory,12,Male,Planned,9,30385.0,7,Jul,Monsoon,False
5712,2025-07-15,Cardiology,38,Female,Planned,7,19625.0,7,Jul,Monsoon,False
6487,2025-07-15,Pediatrics,51,Male,Planned,2,11537.0,7,Jul,Monsoon,False
6211,2025-07-15,General Medicine,40,Male,Referral,4,23420.0,7,Jul,Monsoon,False
5353,2025-07-15,Neurology,21,Female,Referral,7,33744.0,7,Jul,Monsoon,False
6325,2025-07-16,Pediatrics,21,Female,Referral,4,18485.0,7,Jul,Monsoon,False
5304,2025-07-16,Emergency,66,Male,Emergency,4,16335.0,7,Jul,Monsoon,False
5467,2025-07-16,Emergency,63,Male,Emergency,3,8431.0,7,Jul,Monsoon,False
5359,2025-07-16,Respiratory,17,Male,Planned,4,22919.0,7,Jul,Monsoon,False
5874,2025-07-16,Emergency,37,Male,Planned,3,9559.0,7,Jul,Monsoon,False
6143,2025-07-17,Oncology,47,Male,Planned,8,21330.0,7,Jul,Monsoon,False
6064,2025-07-17,Emergency,53,Female,Emergency,3,13013.0,7,Jul,Monsoon,False
6021,2025-07-17,Emergency,61,Male,Emergency,2,11079.0,7,Jul,Monsoon,False
5773,2025-07-18,Cardiology,57,Male,Emergency,8,45063.0,7,Jul,Monsoon,False
5589,2025-07-18,Emergency,48,Male,Emergency,2,5959.0,7,Jul,Monsoon,False
5433,2025-07-19,Pediatrics,52,Female,Emergency,3,9263.0,7,Jul,Monsoon,False
5092,2025-07-19,Respiratory,46,Male,Planned,5,19126.0,7,Jul,Monsoon,False
5427,2025-07-19,Orthopedics,68,Female,Emergency,8,24864.0,7,Jul,Monsoon,False
5195,2025-07-19,General Medicine,17,Female,Emergency,2,6442.0,7,Jul,Monsoon,False
5858,2025-07-19,Orthopedics,70,Male,Planned,7,28349.0,7,Jul,Monsoon,False
6450,2025-07-19,Respiratory,45,Female,Emergency,5,13257.0,7,Jul,Monsoon,False
5732,2025-07-20,Neurology,29,Male,Planned,10,42297.0,7,Jul,Monsoon,False
6219,2025-07-20,Oncology,86,Male,Emergency,10,46057.0,7,Jul,Monsoon,False
5344,2025-07-20,Cardiology,43,Male,Planned,8,21628.0,7,Jul,Monsoon,False
5507,2025-07-20,General Medicine,61,Female,Emergency,3,10116.0,7,Jul,Monsoon,False
5549,2025-07-20,General Medicine,78,Female,Emergency,4,10457.0,7,Jul,Monsoon,False
5569,2025-07-20,Neurology,83,Female,Referral,5,29438.0,7,Jul,Monsoon,False
5432,2025-07-20,Respiratory,56,Male,Emergency,4,16124.0,7,Jul,Monsoon,False
5223,2025-07-21,Oncology,41,Female,Emergency,10,45851.0,7,Jul,Monsoon,False
5560,2025-07-21,Pediatrics,31,Male,Planned,4,19315.0,7,Jul,Monsoon,False
6229,2025-07-21,Cardiology,20,Female,Emergency,5,12963.0,7,Jul,Monsoon,False
5005,2025-07-22,Emergency,16,Female,Emergency,2,11447.0,7,Jul,Monsoon,False
5922,2025-07-22,Cardiology,66,Female,Emergency,8,30913.0,7,Jul,Monsoon,False
5110,2025-07-22,Cardiology,36,Male,Emergency,3,15427.0,7,Jul,Monsoon,False
5281,2025-07-23,General Medicine,57,Male,Emergency,5,14335.0,7,Jul,Monsoon,False
6186,2025-07-23,Oncology,61,Female,Planned,8,31407.0,7,Jul,Monsoon,False
5737,2025-07-23,Oncology,19,Female,Emergency,9,39598.0,7,Jul,Monsoon,False
6249,2025-07-23,Emergency,77,Female,Emergency,2,8266.0,7,Jul,Monsoon,False
5911,2025-07-23,Emergency,16,Female,Planned,3,10877.0,7,Jul,Monsoon,False
6167,2025-07-23,Pediatrics,63,Male,Planned,6,24644.0,7,Jul,Monsoon,False
5873,2025-07-23,General Medicine,50,Male,Emergency,2,5285.0,7,Jul,Monsoon,False
5872,2025-07-24,Pediatrics,15,Male,Planned,5,15814.0,7,Jul,Monsoon,False
6447,2025-07-24,Cardiology,24,Female,Emergency,5,28310.0,7,Jul,Monsoon,False
5870,2025-07-24,Emergency,73,Female,Planned,3,10771.0,7,Jul,Monsoon,False
5798,2025-07-24,Emergency,60,Male,Referral,4,20155.0,7,Jul,Monsoon,False
5401,2025-07-24,Emergency,36,Male,Planned,4,11313.0,7,Jul,Monsoon,False
5621,2025-07-24,Emergency,24,Female,Planned,3,13416.0,7,Jul,Monsoon,False
5486,2025-07-24,Cardiology,62,Female,Emergency,3,9404.0,7,Jul,Monsoon,False
6009,2025-07-25,Emergency,18,Female,Planned,3,10547.0,7,Jul,Monsoon,False
5139,2025-07-25,Cardiology,30,Female,Planned,4,10582.0,7,Jul,Monsoon,False
5222,2025-07-25,Emergency,37,Male,Emergency,5,24006.0,7,Jul,Monsoon,False
5808,2025-07-25,Respiratory,16,Male,Planned,8,34653.0,7,Jul,Monsoon,False
5321,2025-07-26,Emergency,55,Male,Planned,4,22303.0,7,Jul,Monsoon,False
5834,2025-07-26,Orthopedics,45,Female,Planned,11,30627.0,7,Jul,Monsoon,False
6153,2025-07-26,Cardiology,1,Female,Referral,7,33677.0,7,Jul,Monsoon,False
5109,2025-07-26,General Medicine,78,Male,Emergency,2,8274.0,7,Jul,Monsoon,False
6234,2025-07-26,Orthopedics,67,Female,Emergency,5,14157.0,7,Jul,Monsoon,False
5075,2025-07-26,Pediatrics,74,Male,Planned,6,26148.0,7,Jul,Monsoon,False
5959,2025-07-27,Emergency,39,Male,Emergency,1,2790.0,7,Jul,Monsoon,False
5769,2025-07-27,Neurology,37,Male,Emergency,8,42098.0,7,Jul,Monsoon,False
5161,2025-07-27,Emergency,4,Male,Emergency,2,8585.0,7,Jul,Monsoon,False
5038,2025-07-27,Cardiology,69,Female,Planned,8,26269.0,7,Jul,Monsoon,False
5610,2025-07-27,Orthopedics,29,Female,Planned,7,34697.0,7,Jul,Monsoon,False
6290,2025-07-27,Respiratory,15,Female,Emergency,1,3266.0,7,Jul,Monsoon,False
5259,2025-07-27,Emergency,29,Female,Planned,2,6458.0,7,Jul,Monsoon,False
6494,2025-07-27,Oncology,81,Female,Planned,10,28439.0,7,Jul,Monsoon,False
6443,2025-07-27,Respiratory,65,Female,Emergency,7,36588.0,7,Jul,Monsoon,False
6162,2025-07-28,Cardiology,78,Female,Planned,6,30664.0,7,Jul,Monsoon,False
6181,2025-07-28,Oncology,15,Female,Planned,10,55753.0,7,Jul,Monsoon,False
6197,2025-07-28,Cardiology,51,Male,Emergency,3,15111.0,7,Jul,Monsoon,False
5367,2025-07-28,Cardiology,24,Male,Referral,6,25251.0,7,Jul,Monsoon,False
5824,2025-07-28,Pediatrics,21,Male,Referral,4,17915.0,7,Jul,Monsoon,False
5894,2025-07-28,Pediatrics,12,Female,Referral,2,5742.0,7,Jul,Monsoon,False
6401,2025-07-28,Emergency,65,Male,Planned,2,10312.0,7,Jul,Monsoon,False
5120,2025-08-01,Neurology,16,Male,Emergency,7,32081.0,8,Aug,Monsoon,False
5477,2025-08-01,General Medicine,51,Male,Planned,4,12433.0,8,Aug,Monsoon,False
6330,2025-08-01,Oncology,31,Female,Referral,8,39082.0,8,Aug,Monsoon,False
5720,2025-08-01,Orthopedics,58,Female,Emergency,7,37943.0,8,Aug,Monsoon,False
6432,2025-08-01,Cardiology,55,Male,Emergency,7,28847.0,8,Aug,Monsoon,False
6387,2025-08-02,Neurology,34,Female,Referral,6,19566.0,8,Aug,Monsoon,False
5942,2025-08-02,Pediatrics,28,Male,Emergency,4,15494.0,8,Aug,Monsoon,False
5233,2025-08-02,Emergency,69,Male,Referral,1,4492.0,8,Aug,Monsoon,False
6144,2025-08-03,General Medicine,9,Female,Referral,6,26630.0,8,Aug,Monsoon,False
5843,2025-08-03,Respiratory,32,Female,Emergency,4,15725.0,8,Aug,Monsoon,False
5270,2025-08-03,Orthopedics,70,Female,Planned,3,7987.0,8,Aug,Monsoon,False
5628,2025-08-03,General Medicine,31,Female,Planned,3,15535.0,8,Aug,Monsoon,False
6470,2025-08-03,Emergency,15,Female,Emergency,3,7526.0,8,Aug,Monsoon,False
5758,2025-08-03,Cardiology,30,Male,Emergency,4,16010.0,8,Aug,Monsoon,False
5422,2025-08-03,General Medicine,90,Female,Planned,3,10465.0,8,Aug,Monsoon,False
5451,2025-08-03,Pediatrics,32,Female,Emergency,5,18783.0,8,Aug,Monsoon,False
6227,2025-08-04,Cardiology,72,Male,Emergency,4,18785.0,8,Aug,Monsoon,False
6455,2025-08-04,Neurology,32,Male,Emergency,5,25410.0,8,Aug,Monsoon,False
6427,2025-08-04,Respiratory,49,Female,Emergency,2,10530.0,8,Aug,Monsoon,False
5102,2025-08-04,General Medicine,77,Male,Planned,1,2527.0,8,Aug,Monsoon,False
6088,2025-08-04,Pediatrics,46,Female,Planned,6,22095.0,8,Aug,Monsoon,False
6120,2025-08-04,Emergency,60,Male,Planned,2,9699.0,8,Aug,Monsoon,False
5770,2025-08-04,Emergency,26,Female,Planned,3,8470.0,8,Aug,Monsoon,False
5346,2025-08-04,Respiratory,35,Male,Planned,7,38567.0,8,Aug,Monsoon,False
5682,2025-08-05,Emergency,1,Male,Planned,2,5338.0,8,Aug,Monsoon,False
5234,2025-08-05,Cardiology,77,Female,Planned,5,16848.0,8,Aug,Monsoon,False
6131,2025-08-05,Orthopedics,51,Female,Planned,5,13829.0,8,Aug,Monsoon,False
5932,2025-08-05,Oncology,57,Female,Emergency,13,43941.0,8,Aug,Monsoon,False
5713,2025-08-05,Pediatrics,61,Male,Emergency,2,10849.0,8,Aug,Monsoon,False
6014,2025-08-05,Cardiology,39,Male,Planned,4,15363.0,8,Aug,Monsoon,False
5131,2025-08-05,Emergency,38,Female,Emergency,3,10028.0,8,Aug,Monsoon,False
6085,2025-08-05,Emergency,95,Male,Emergency,4,12560.0,8,Aug,Monsoon,False
5957,2025-08-06,Respiratory,37,Male,Referral,2,9300.0,8,Aug,Monsoon,False
5333,2025-08-06,Orthopedics,49,Female,Emergency,4,16595.0,8,Aug,Monsoon,False
5396,2025-08-06,Cardiology,70,Female,Emergency,6,25235.0,8,Aug,Monsoon,False
6066,2025-08-06,Respiratory,31,Female,Emergency,5,13909.0,8,Aug,Monsoon,False
5230,2025-08-07,Orthopedics,21,Female,Planned,6,33209.0,8,Aug,Monsoon,False
6267,2025-08-07,General Medicine,72,Male,Emergency,1,3113.0,8,Aug,Monsoon,False
5148,2025-08-07,General Medicine,64,Female,Planned,6,34605.0,8,Aug,Monsoon,False
5391,2025-08-07,Orthopedics,66,Male,Planned,8,20366.0,8,Aug,Monsoon,False
6059,2025-08-07,Cardiology,40,Male,Referral,6,17637.0,8,Aug,Monsoon,False
5548,2025-08-07,Neurology,80,Female,Planned,7,40370.0,8,Aug,Monsoon,False
5024,2025-08-08,Emergency,40,Female,Emergency,1,5221.0,8,Aug,Monsoon,False
5318,2025-08-08,Cardiology,45,Male,Planned,4,23133.0,8,Aug,Monsoon,False
5646,2025-08-08,Cardiology,70,Female,Planned,6,31261.0,8,Aug,Monsoon,False
5387,2025-08-08,General Medicine,65,Male,Planned,6,27750.0,8,Aug,Monsoon,False
5496,2025-08-09,Orthopedics,20,Female,Referral,6,35390.0,8,Aug,Monsoon,False
5064,2025-08-09,Neurology,48,Female,Emergency,7,40062.0,8,Aug,Monsoon,False
6010,2025-08-09,Neurology,58,Male,Planned,10,53198.0,8,Aug,Monsoon,False
6202,2025-08-09,Emergency,49,Male,Emergency,2,8307.0,8,Aug,Monsoon,False
6360,2025-08-09,Orthopedics,44,Female,Planned,6,19942.0,8,Aug,Monsoon,False
5980,2025-08-09,Neurology,36,Male,Emergency,4,32125.5,8,Aug,Monsoon,False
6459,2025-08-09,General Medicine,33,Male,Emergency,4,11114.0,8,Aug,Monsoon,False
6013,2025-08-09,Respiratory,44,Female,Emergency,7,26619.0,8,Aug,Monsoon,False
5537,2025-08-10,Emergency,86,Female,Emergency,3,11501.0,8,Aug,Monsoon,False
6058,2025-08-10,General Medicine,47,Male,Planned,6,35605.0,8,Aug,Monsoon,False
6123,2025-08-10,Neurology,50,Female,Emergency,11,46116.0,8,Aug,Monsoon,False
5424,2025-08-10,Orthopedics,1,Male,Planned,7,35977.0,8,Aug,Monsoon,False
5945,2025-08-10,Emergency,35,Female,Planned,3,8164.0,8,Aug,Monsoon,False
6053,2025-08-10,Pediatrics,85,Female,Emergency,2,10489.0,8,Aug,Monsoon,False
6124,2025-08-11,Pediatrics,28,Female,Emergency,2,8145.0,8,Aug,Monsoon,False
5627,2025-08-11,General Medicine,28,Female,Emergency,3,13994.0,8,Aug,Monsoon,False
5939,2025-08-11,General Medicine,49,Male,Planned,7,33397.0,8,Aug,Monsoon,False
5087,2025-08-11,Cardiology,46,Male,Planned,4,14313.0,8,Aug,Monsoon,False
6275,2025-08-11,Orthopedics,33,Female,Planned,4,18839.0,8,Aug,Monsoon,False
5156,2025-08-11,Emergency,54,Female,Planned,3,10918.0,8,Aug,Monsoon,False
5498,2025-08-12,Orthopedics,41,Male,Emergency,8,37383.0,8,Aug,Monsoon,False
5797,2025-08-12,Orthopedics,45,Female,Emergency,7,22102.0,8,Aug,Monsoon,False
5884,2025-08-12,Respiratory,43,Female,Referral,6,25112.0,8,Aug,Monsoon,False
6329,2025-08-12,Orthopedics,57,Male,Planned,5,25294.0,8,Aug,Monsoon,False
6396,2025-08-12,Pediatrics,20,Male,Planned,3,14641.0,8,Aug,Monsoon,False
5676,2025-08-12,Emergency,19,Male,Emergency,4,14347.0,8,Aug,Monsoon,False
5851,2025-08-13,Emergency,56,Female,Planned,4,17968.0,8,Aug,Monsoon,False
5460,2025-08-13,General Medicine,57,Female,Planned,4,12431.0,8,Aug,Monsoon,False
6074,2025-08-13,Emergency,62,Male,Emergency,4,13884.0,8,Aug,Monsoon,False
5717,2025-08-13,Respiratory,22,Male,Referral,6,21261.0,8,Aug,Monsoon,False
6169,2025-08-13,Respiratory,7,Female,Emergency,1,4362.0,8,Aug,Monsoon,False
6159,2025-08-13,Orthopedics,1,Male,Planned,9,47637.0,8,Aug,Monsoon,False
5530,2025-08-13,Emergency,40,Female,Emergency,2,8230.0,8,Aug,Monsoon,False
6419,2025-08-13,Cardiology,69,Female,Planned,4,20407.0,8,Aug,Monsoon,False
5784,2025-08-13,Neurology,73,Male,Emergency,5,26752.0,8,Aug,Monsoon,False
5079,2025-08-14,General Medicine,25,Female,Referral,4,19870.0,8,Aug,Monsoon,False
6288,2025-08-14,General Medicine,64,Female,Planned,6,26492.0,8,Aug,Monsoon,False
6055,2025-08-15,Emergency,42,Female,Emergency,4,22241.0,8,Aug,Monsoon,False
6265,2025-08-15,General Medicine,51,Female,Planned,3,14549.0,8,Aug,Monsoon,False
5099,2025-08-15,Orthopedics,78,Female,Emergency,8,23893.0,8,Aug,Monsoon,False
5186,2025-08-15,Cardiology,43,Male,Planned,4,16342.0,8,Aug,Monsoon,False
5488,2025-08-15,Orthopedics,52,Male,Planned,5,19557.0,8,Aug,Monsoon,False
5878,2025-08-15,Pediatrics,83,Male,Planned,2,8114.0,8,Aug,Monsoon,False
6158,2025-08-16,Pediatrics,45,Male,Planned,3,13181.0,8,Aug,Monsoon,False
5733,2025-08-17,Emergency,43,Male,Emergency,4,11956.0,8,Aug,Monsoon,False
6319,2025-08-17,Pediatrics,16,Male,Planned,5,20284.0,8,Aug,Monsoon,False
5618,2025-08-17,Emergency,73,Male,Referral,3,10652.0,8,Aug,Monsoon,False
5154,2025-08-17,Cardiology,8,Male,Emergency,7,29248.0,8,Aug,Monsoon,False
5661,2025-08-17,Pediatrics,40,Female,Emergency,1,3327.0,8,Aug,Monsoon,False
5958,2025-08-18,General Medicine,60,Male,Emergency,5,19012.0,8,Aug,Monsoon,False
5098,2025-08-18,Emergency,54,Female,Planned,1,4559.0,8,Aug,Monsoon,False
5242,2025-08-18,Emergency,31,Male,Emergency,1,5097.0,8,Aug,Monsoon,False
5157,2025-08-18,Emergency,52,Female,Planned,1,5290.0,8,Aug,Monsoon,False
6001,2025-08-18,General Medicine,58,Male,Emergency,5,14565.0,8,Aug,Monsoon,False
5917,2025-08-18,Pediatrics,33,Female,Emergency,6,18111.0,8,Aug,Monsoon,False
5361,2025-08-18,Cardiology,31,Male,Emergency,8,34601.0,8,Aug,Monsoon,False
6320,2025-08-19,Emergency,35,Male,Planned,3,12376.0,8,Aug,Monsoon,False
6440,2025-08-19,Orthopedics,44,Male,Referral,6,32010.0,8,Aug,Monsoon,False
5282,2025-08-20,Pediatrics,69,Male,Emergency,4,15295.0,8,Aug,Monsoon,False
6033,2025-08-20,Emergency,47,Male,Emergency,2,5860.0,8,Aug,Monsoon,False
6106,2025-08-20,Orthopedics,48,Female,Emergency,3,16206.0,8,Aug,Monsoon,False
6245,2025-08-20,Orthopedics,52,Male,Referral,12,41641.0,8,Aug,Monsoon,False
5379,2025-08-20,General Medicine,63,Male,Emergency,2,8698.0,8,Aug,Monsoon,False
5060,2025-08-20,Neurology,65,Male,Planned,7,34605.0,8,Aug,Monsoon,False
5493,2025-08-21,Cardiology,1,Male,Planned,3,17748.0,8,Aug,Monsoon,False
5673,2025-08-21,Oncology,91,Female,Planned,10,33002.0,8,Aug,Monsoon,False
5986,2025-08-21,General Medicine,56,Male,Emergency,2,6445.0,8,Aug,Monsoon,False
5796,2025-08-22,General Medicine,51,Female,Planned,3,15008.0,8,Aug,Monsoon,False
5206,2025-08-22,Emergency,28,Male,Emergency,1,4834.0,8,Aug,Monsoon,False
6416,2025-08-22,General Medicine,44,Female,Planned,5,28072.0,8,Aug,Monsoon,False
5675,2025-08-22,General Medicine,1,Female,Planned,5,14353.0,8,Aug,Monsoon,False
5118,2025-08-22,Orthopedics,68,Female,Planned,6,26681.0,8,Aug,Monsoon,False
5561,2025-08-22,Pediatrics,59,Female,Emergency,4,16581.0,8,Aug,Monsoon,False
5552,2025-08-22,Cardiology,83,Female,Planned,6,28144.0,8,Aug,Monsoon,False
5663,2025-08-22,Pediatrics,1,Male,Planned,5,14668.0,8,Aug,Monsoon,False
5008,2025-08-23,Emergency,1,Female,Referral,2,10817.0,8,Aug,Monsoon,False
5853,2025-08-23,Oncology,64,Female,Referral,9,43859.0,8,Aug,Monsoon,False
5135,2025-08-24,Emergency,25,Male,Planned,2,5823.0,8,Aug,Monsoon,False
5677,2025-08-24,Cardiology,71,Female,Planned,6,35577.0,8,Aug,Monsoon,False
6352,2025-08-24,Emergency,60,Female,Emergency,3,11667.0,8,Aug,Monsoon,False
5115,2025-08-24,Cardiology,74,Male,Referral,7,30135.0,8,Aug,Monsoon,False
5007,2025-08-24,Orthopedics,52,Female,Planned,6,29108.0,8,Aug,Monsoon,False
5192,2025-08-24,Orthopedics,58,Male,Emergency,8,33889.0,8,Aug,Monsoon,False
5491,2025-08-24,General Medicine,14,Female,Emergency,2,9394.0,8,Aug,Monsoon,False
5888,2025-08-24,Pediatrics,24,Female,Planned,5,18355.0,8,Aug,Monsoon,False
5275,2025-08-24,Pediatrics,43,Female,Planned,2,11042.0,8,Aug,Monsoon,False
5468,2025-08-25,Pediatrics,68,Female,Referral,3,13359.0,8,Aug,Monsoon,False
5534,2025-08-25,Orthopedics,51,Male,Planned,8,46971.0,8,Aug,Monsoon,False
6388,2025-08-25,Neurology,13,Male,Emergency,12,33841.0,8,Aug,Monsoon,False
5578,2025-08-25,Emergency,46,Male,Referral,1,4136.0,8,Aug,Monsoon,False
6040,2025-08-25,Emergency,30,Male,Emergency,3,13319.0,8,Aug,Monsoon,False
5669,2025-08-25,Emergency,16,Male,Emergency,4,20154.0,8,Aug,Monsoon,False
5439,2025-08-25,Orthopedics,37,Female,Planned,9,53299.0,8,Aug,Monsoon,False
6084,2025-08-25,Respiratory,65,Male,Planned,8,39555.0,8,Aug,Monsoon,False
6179,2025-08-26,Cardiology,48,Male,Referral,6,34800.0,8,Aug,Monsoon,False
6029,2025-08-26,General Medicine,6,Male,Planned,3,13255.0,8,Aug,Monsoon,False
5465,2025-08-26,General Medicine,57,Male,Emergency,5,20785.0,8,Aug,Monsoon,False
6475,2025-08-26,Pediatrics,73,Male,Planned,1,2709.0,8,Aug,Monsoon,False
5763,2025-08-26,Oncology,74,Male,Emergency,9,35808.0,8,Aug,Monsoon,False
5033,2025-08-27,Pediatrics,59,Female,Planned,5,27612.0,8,Aug,Monsoon,False
6479,2025-08-27,Respiratory,8,Male,Emergency,3,14621.0,8,Aug,Monsoon,False
5009,2025-08-27,Emergency,70,Female,Emergency,2,9797.0,8,Aug,Monsoon,False
6308,2025-08-27,Emergency,80,Female,Emergency,1,3476.0,8,Aug,Monsoon,False
5299,2025-08-27,Neurology,67,Female,Planned,10,53344.0,8,Aug,Monsoon,False
5747,2025-08-27,Emergency,68,Male,Planned,2,11664.0,8,Aug,Monsoon,False
6347,2025-08-28,Orthopedics,28,Male,Planned,4,11225.0,8,Aug,Monsoon,False
5953,2025-08-28,Cardiology,62,Male,Planned,8,23935.0,8,Aug,Monsoon,False
6007,2025-08-28,Emergency,21,Female,Planned,3,13317.0,8,Aug,Monsoon,False
5879,2025-08-28,Orthopedics,18,Male,Emergency,6,33555.0,8,Aug,Monsoon,False
6423,2025-08-28,Oncology,80,Female,Emergency,13,57561.0,8,Aug,Monsoon,False
6465,2025-09-01,Emergency,63,Female,Emergency,2,10228.0,9,Sep,Monsoon,False
6195,2025-09-01,Cardiology,54,Male,Emergency,6,29078.0,9,Sep,Monsoon,False
6086,2025-09-01,Emergency,53,Male,Emergency,3,9578.0,9,Sep,Monsoon,False
6297,2025-09-02,General Medicine,17,Female,Emergency,5,28964.0,9,Sep,Monsoon,False
6278,2025-09-03,Pediatrics,36,Female,Planned,4,11729.0,9,Sep,Monsoon,False
5652,2025-09-03,Oncology,40,Female,Emergency,13,54513.0,9,Sep,Monsoon,False
5408,2025-09-03,Emergency,36,Female,Emergency,3,15280.0,9,Sep,Monsoon,False
5926,2025-09-04,Pediatrics,52,Female,Emergency,3,15817.0,9,Sep,Monsoon,False
6028,2025-09-04,Neurology,60,Female,Emergency,4,11608.0,9,Sep,Monsoon,False
5793,2025-09-04,Respiratory,81,Male,Planned,4,11552.0,9,Sep,Monsoon,False
5839,2025-09-05,Pediatrics,50,Female,Planned,3,17385.0,9,Sep,Monsoon,False
6129,2025-09-05,Orthopedics,30,Female,Emergency,1,5603.0,9,Sep,Monsoon,False
5020,2025-09-05,Emergency,79,Female,Emergency,3,17711.0,9,Sep,Monsoon,False
6173,2025-09-05,Pediatrics,42,Male,Emergency,3,14668.0,9,Sep,Monsoon,False
6045,2025-09-05,Cardiology,23,Male,Planned,9,42810.0,9,Sep,Monsoon,False
5279,2025-09-05,Cardiology,59,Female,Emergency,8,46598.0,9,Sep,Monsoon,False
5743,2025-09-06,Orthopedics,56,Male,Planned,7,33525.0,9,Sep,Monsoon,False
6141,2025-09-06,Orthopedics,49,Female,Emergency,7,29124.0,9,Sep,Monsoon,False
5630,2025-09-06,General Medicine,92,Female,Planned,5,13960.0,9,Sep,Monsoon,False
5140,2025-09-06,Orthopedics,54,Male,Referral,6,15312.0,9,Sep,Monsoon,False
5811,2025-09-06,Respiratory,56,Male,Planned,8,39551.0,9,Sep,Monsoon,False
5619,2025-09-06,Pediatrics,56,Male,Planned,3,16733.0,9,Sep,Monsoon,False
5409,2025-09-06,General Medicine,56,Female,Referral,5,28778.0,9,Sep,Monsoon,False
6274,2025-09-07,Emergency,30,Female,Planned,3,9970.0,9,Sep,Monsoon,False
5877,2025-09-07,Emergency,75,Female,Referral,2,11893.0,9,Sep,Monsoon,False
5363,2025-09-07,Cardiology,74,Female,Emergency,4,18731.0,9,Sep,Monsoon,False
5153,2025-09-08,Pediatrics,31,Female,Planned,7,31329.0,9,Sep,Monsoon,False
5244,2025-09-08,Respiratory,50,Male,Emergency,3,15690.0,9,Sep,Monsoon,False
6500,2025-09-08,Orthopedics,32,Female,Emergency,2,7942.0,9,Sep,Monsoon,False
5749,2025-09-08,Orthopedics,75,Male,Emergency,8,20363.0,9,Sep,Monsoon,False
5364,2025-09-08,Pediatrics,65,Male,Emergency,3,7683.0,9,Sep,Monsoon,False
6203,2025-09-09,Emergency,79,Male,Planned,5,14168.0,9,Sep,Monsoon,False
5457,2025-09-09,Oncology,31,Female,Planned,13,73438.0,9,Sep,Monsoon,False
5084,2025-09-09,Pediatrics,38,Female,Referral,5,24756.0,9,Sep,Monsoon,False
5217,2025-09-09,Orthopedics,40,Male,Emergency,5,28914.0,9,Sep,Monsoon,False
5076,2025-09-09,Respiratory,42,Female,Emergency,5,27472.0,9,Sep,Monsoon,False
5542,2025-09-09,Emergency,44,Female,Planned,2,10667.0,9,Sep,Monsoon,False
5181,2025-09-09,Emergency,67,Female,Emergency,2,9997.0,9,Sep,Monsoon,False
5030,2025-09-10,Emergency,36,Female,Planned,3,15616.0,9,Sep,Monsoon,False
6241,2025-09-10,General Medicine,14,Female,Emergency,1,3234.0,9,Sep,Monsoon,False
5489,2025-09-10,Respiratory,44,Female,Emergency,5,15673.0,9,Sep,Monsoon,False
6340,2025-09-10,Emergency,7,Female,Emergency,2,10493.0,9,Sep,Monsoon,False
5751,2025-09-10,Oncology,78,Female,Planned,3,10786.0,9,Sep,Monsoon,False
5840,2025-09-10,Pediatrics,62,Male,Planned,2,8833.0,9,Sep,Monsoon,False
5405,2025-09-10,Emergency,40,Female,Referral,3,16504.0,9,Sep,Monsoon,False
5574,2025-09-11,General Medicine,71,Female,Referral,4,22997.0,9,Sep,Monsoon,False
5015,2025-09-11,General Medicine,47,Male,Planned,1,2896.0,9,Sep,Monsoon,False
5372,2025-09-11,Orthopedics,72,Male,Planned,1,4854.0,9,Sep,Monsoon,False
5515,2025-09-13,Pediatrics,23,Male,Emergency,1,4576.0,9,Sep,Monsoon,False
5936,2025-09-13,Cardiology,49,Male,Referral,6,15504.0,9,Sep,Monsoon,False
6420,2025-09-13,Emergency,64,Male,Referral,2,6038.0,9,Sep,Monsoon,False
5273,2025-09-14,Respiratory,45,Male,Emergency,6,28246.0,9,Sep,Monsoon,False
5256,2025-09-15,Respiratory,78,Male,Emergency,4,13835.0,9,Sep,Monsoon,False
5336,2025-09-15,Cardiology,32,Female,Planned,8,41449.0,9,Sep,Monsoon,False
6042,2025-09-15,Orthopedics,33,Female,Emergency,7,25037.0,9,Sep,Monsoon,False
6371,2025-09-15,Pediatrics,64,Male,Emergency,3,7591.0,9,Sep,Monsoon,False
5867,2025-09-15,General Medicine,44,Female,Planned,5,13354.0,9,Sep,Monsoon,False
6296,2025-09-15,Orthopedics,54,Female,Planned,7,35700.0,9,Sep,Monsoon,False
6008,2025-09-15,Cardiology,24,Male,Planned,6,25232.0,9,Sep,Monsoon,False
5437,2025-09-15,Emergency,33,Male,Planned,2,6190.0,9,Sep,Monsoon,False
5533,2025-09-16,Oncology,51,Male,Planned,11,37326.0,9,Sep,Monsoon,False
5528,2025-09-16,Orthopedics,47,Female,Referral,11,52247.0,9,Sep,Monsoon,False
5251,2025-09-16,Neurology,24,Male,Planned,8,26311.0,9,Sep,Monsoon,False
6369,2025-09-16,Pediatrics,41,Male,Planned,6,26523.0,9,Sep,Monsoon,False
6335,2025-09-16,Emergency,57,Female,Emergency,4,16692.0,9,Sep,Monsoon,False
5636,2025-09-16,Pediatrics,95,Female,Emergency,4,21761.0,9,Sep,Monsoon,False
5480,2025-09-16,Cardiology,69,Male,Emergency,7,39323.0,9,Sep,Monsoon,False
5865,2025-09-17,Pediatrics,50,Female,Emergency,3,16648.0,9,Sep,Monsoon,False
6341,2025-09-17,Cardiology,43,Female,Planned,6,18257.0,9,Sep,Monsoon,False
5428,2025-09-17,Emergency,32,Female,Planned,2,10472.0,9,Sep,Monsoon,False
5173,2025-09-17,Emergency,13,Female,Referral,2,10179.0,9,Sep,Monsoon,False
6370,2025-09-17,Emergency,31,Male,Referral,3,9949.0,9,Sep,Monsoon,False
6395,2025-09-17,Cardiology,42,Male,Planned,6,16879.0,9,Sep,Monsoon,False
5645,2025-09-18,Respiratory,83,Male,Referral,7,41966.0,9,Sep,Monsoon,False
5202,2025-09-18,Respiratory,7,Male,Referral,3,11342.0,9,Sep,Monsoon,False
5263,2025-09-18,Emergency,88,Female,Referral,2,5257.0,9,Sep,Monsoon,False
5804,2025-09-18,Emergency,76,Female,Emergency,3,9271.0,9,Sep,Monsoon,False
5381,2025-09-18,Cardiology,95,Male,Emergency,7,26858.0,9,Sep,Monsoon,False
5601,2025-09-18,Oncology,48,Male,Planned,13,58386.0,9,Sep,Monsoon,False
5108,2025-09-19,Emergency,29,Female,Emergency,3,17066.0,9,Sep,Monsoon,False
5360,2025-09-19,Cardiology,62,Female,Referral,7,17739.0,9,Sep,Monsoon,False
5316,2025-09-20,Emergency,13,Female,Emergency,6,19449.0,9,Sep,Monsoon,False
5378,2025-09-20,Oncology,27,Female,Planned,4,17771.0,9,Sep,Monsoon,False
5893,2025-09-20,Oncology,49,Male,Referral,6,15058.0,9,Sep,Monsoon,False
5584,2025-09-20,Emergency,53,Male,Planned,4,11447.0,9,Sep,Monsoon,False
5389,2025-09-20,Emergency,31,Female,Emergency,4,21570.0,9,Sep,Monsoon,False
5293,2025-09-21,General Medicine,32,Female,Referral,4,21742.0,9,Sep,Monsoon,False
5907,2025-09-21,Orthopedics,63,Female,Emergency,8,32428.0,9,Sep,Monsoon,False
5441,2025-09-21,Cardiology,85,Male,Referral,4,23332.0,9,Sep,Monsoon,False
5742,2025-09-21,Respiratory,51,Male,Planned,7,24430.0,9,Sep,Monsoon,False
6099,2025-09-21,General Medicine,70,Female,Emergency,2,11031.0,9,Sep,Monsoon,False
5225,2025-09-21,Orthopedics,32,Male,Referral,3,12865.0,9,Sep,Monsoon,False
5647,2025-09-21,Emergency,36,Male,Emergency,2,9479.0,9,Sep,Monsoon,False
5059,2025-09-21,Oncology,42,Female,Referral,2,7363.0,9,Sep,Monsoon,False
6316,2025-09-22,General Medicine,29,Female,Planned,3,9712.0,9,Sep,Monsoon,False
6087,2025-09-22,Oncology,1,Male,Emergency,9,31039.0,9,Sep,Monsoon,False
5639,2025-09-22,Emergency,8,Female,Planned,2,8098.0,9,Sep,Monsoon,False
6354,2025-09-22,Emergency,60,Male,Referral,1,3846.0,9,Sep,Monsoon,False
5446,2025-09-22,Pediatrics,57,Female,Referral,5,17618.0,9,Sep,Monsoon,False
6122,2025-09-23,General Medicine,26,Male,Referral,4,10881.0,9,Sep,Monsoon,False
5086,2025-09-23,Respiratory,64,Female,Planned,4,10390.0,9,Sep,Monsoon,False
5900,2025-09-23,General Medicine,51,Male,Emergency,3,14568.0,9,Sep,Monsoon,False
6301,2025-09-23,Orthopedics,58,Female,Emergency,9,28734.0,9,Sep,Monsoon,False
5512,2025-09-23,Emergency,49,Male,Emergency,2,6352.0,9,Sep,Monsoon,False
5606,2025-09-24,Emergency,43,Male,Planned,3,14133.0,9,Sep,Monsoon,False
5984,2025-09-24,Cardiology,18,Female,Emergency,7,40686.0,9,Sep,Monsoon,False
6466,2025-09-24,Orthopedics,1,Female,Referral,2,8087.0,9,Sep,Monsoon,False
5431,2025-09-25,Emergency,59,Male,Planned,1,4515.0,9,Sep,Monsoon,False
5593,2025-09-25,Neurology,30,Female,Planned,8,31245.0,9,Sep,Monsoon,False
6295,2025-09-25,Pediatrics,43,Female,Referral,3,13515.0,9,Sep,Monsoon,False
5640,2025-09-26,Orthopedics,24,Female,Referral,7,40075.0,9,Sep,Monsoon,False
5857,2025-09-26,General Medicine,33,Male,Planned,6,28608.0,9,Sep,Monsoon,False
5774,2025-09-26,Pediatrics,28,Male,Emergency,4,23500.0,9,Sep,Monsoon,False
5343,2025-09-26,Pediatrics,17,Male,Emergency,4,16073.0,9,Sep,Monsoon,False
6250,2025-09-26,Oncology,27,Male,Planned,9,29039.0,9,Sep,Monsoon,False
5168,2025-09-26,Pediatrics,46,Female,Emergency,2,6267.0,9,Sep,Monsoon,False
5691,2025-09-26,Orthopedics,50,Male,Planned,11,46553.0,9,Sep,Monsoon,False
6083,2025-09-26,Emergency,5,Male,Emergency,3,17565.0,9,Sep,Monsoon,False
5819,2025-09-27,Orthopedics,63,Male,Planned,10,59331.0,9,Sep,Monsoon,False
6232,2025-09-27,Cardiology,33,Male,Emergency,3,12322.0,9,Sep,Monsoon,False
5035,2025-09-27,Emergency,67,Male,Planned,2,9577.0,9,Sep,Monsoon,False
6016,2025-09-27,Cardiology,44,Female,Planned,6,20994.0,9,Sep,Monsoon,False
5799,2025-09-27,Respiratory,37,Female,Referral,7,19433.0,9,Sep,Monsoon,False
5785,2025-09-27,General Medicine,64,Male,Planned,3,11437.0,9,Sep,Monsoon,False
5934,2025-09-27,Neurology,32,Male,Emergency,10,36961.0,9,Sep,Monsoon,False
5429,2025-09-27,Emergency,9,Male,Emergency,2,11032.0,9,Sep,Monsoon,False
5746,2025-09-27,Orthopedics,60,Female,Referral,2,7583.0,9,Sep,Monsoon,False
5004,2025-09-28,Cardiology,59,Female,Emergency,5,15411.0,9,Sep,Monsoon,False
5104,2025-09-28,Pediatrics,48,Male,Planned,4,22685.0,9,Sep,Monsoon,False
5625,2025-09-28,Pediatrics,27,Male,Emergency,2,10296.0,9,Sep,Monsoon,False
5350,2025-10-01,Pediatrics,29,Male,Emergency,4,17119.0,10,Oct,Post-Monsoon,False
5695,2025-10-01,Cardiology,55,Female,Planned,4,16039.0,10,Oct,Post-Monsoon,False
5420,2025-10-02,Emergency,47,Female,Emergency,2,5589.0,10,Oct,Post-Monsoon,False
6474,2025-10-02,Oncology,25,Male,Planned,12,36365.0,10,Oct,Post-Monsoon,False
6445,2025-10-02,Oncology,42,Male,Planned,9,30291.0,10,Oct,Post-Monsoon,False
5245,2025-10-03,Emergency,42,Female,Planned,1,3943.0,10,Oct,Post-Monsoon,False
5474,2025-10-03,Emergency,63,Male,Planned,2,6920.0,10,Oct,Post-Monsoon,False
6338,2025-10-03,General Medicine,54,Female,Planned,6,30352.0,10,Oct,Post-Monsoon,False
5573,2025-10-04,General Medicine,29,Male,Emergency,8,41914.0,10,Oct,Post-Monsoon,False
5790,2025-10-04,Pediatrics,94,Female,Emergency,4,18697.0,10,Oct,Post-Monsoon,False
5539,2025-10-04,Orthopedics,72,Female,Emergency,8,41031.0,10,Oct,Post-Monsoon,False
6218,2025-10-04,Orthopedics,83,Male,Planned,5,27473.0,10,Oct,Post-Monsoon,False
6100,2025-10-05,General Medicine,61,Male,Emergency,2,11050.0,10,Oct,Post-Monsoon,False
5772,2025-10-06,Emergency,71,Female,Emergency,3,13237.0,10,Oct,Post-Monsoon,False
5278,2025-10-06,General Medicine,35,Female,Emergency,4,14874.0,10,Oct,Post-Monsoon,False
6027,2025-10-06,Orthopedics,1,Male,Planned,2,9305.0,10,Oct,Post-Monsoon,False
5313,2025-10-07,Emergency,8,Female,Emergency,3,17856.0,10,Oct,Post-Monsoon,False
5833,2025-10-07,Emergency,34,Female,Referral,3,14718.0,10,Oct,Post-Monsoon,False
5902,2025-10-07,Respiratory,53,Female,Emergency,2,8015.0,10,Oct,Post-Monsoon,False
5562,2025-10-07,Cardiology,38,Female,Emergency,8,22491.0,10,Oct,Post-Monsoon,False
6298,2025-10-07,Oncology,13,Male,Planned,8,20197.0,10,Oct,Post-Monsoon,False
5525,2025-10-08,Orthopedics,47,Female,Emergency,5,18944.0,10,Oct,Post-Monsoon,False
6262,2025-10-08,Neurology,53,Female,Planned,8,23431.0,10,Oct,Post-Monsoon,False
5093,2025-10-09,General Medicine,46,Male,Emergency,4,21698.0,10,Oct,Post-Monsoon,False
5905,2025-10-09,General Medicine,95,Male,Emergency,2,8000.0,10,Oct,Post-Monsoon,False
5632,2025-10-09,Oncology,47,Female,Emergency,7,31992.0,10,Oct,Post-Monsoon,False
5276,2025-10-09,Pediatrics,16,Female,Emergency,1,3474.0,10,Oct,Post-Monsoon,False
6489,2025-10-09,Pediatrics,53,Male,Referral,2,9306.0,10,Oct,Post-Monsoon,False
5499,2025-10-09,Neurology,32,Female,Planned,5,28576.0,10,Oct,Post-Monsoon,False
6407,2025-10-10,General Medicine,43,Female,Planned,4,15678.0,10,Oct,Post-Monsoon,False
5991,2025-10-10,Emergency,37,Male,Emergency,2,5524.0,10,Oct,Post-Monsoon,False
5019,2025-10-10,Neurology,42,Male,Planned,4,21123.0,10,Oct,Post-Monsoon,False
5531,2025-10-10,General Medicine,54,Male,Planned,2,8632.0,10,Oct,Post-Monsoon,False
6216,2025-10-10,Orthopedics,76,Male,Referral,8,35383.0,10,Oct,Post-Monsoon,False
6451,2025-10-11,Oncology,34,Male,Planned,10,35055.0,10,Oct,Post-Monsoon,False
5184,2025-10-11,Emergency,53,Male,Emergency,4,19192.0,10,Oct,Post-Monsoon,False
6171,2025-10-11,Neurology,44,Male,Referral,8,37974.0,10,Oct,Post-Monsoon,False
6379,2025-10-11,Respiratory,31,Female,Referral,6,17211.0,10,Oct,Post-Monsoon,False
5536,2025-10-11,Neurology,44,Male,Emergency,4,15214.0,10,Oct,Post-Monsoon,False
5398,2025-10-11,Pediatrics,27,Female,Referral,3,10244.0,10,Oct,Post-Monsoon,False
6337,2025-10-12,Orthopedics,37,Female,Planned,9,43017.0,10,Oct,Post-Monsoon,False
6225,2025-10-12,General Medicine,37,Male,Planned,3,11606.0,10,Oct,Post-Monsoon,False
6049,2025-10-12,Cardiology,51,Male,Planned,5,19727.0,10,Oct,Post-Monsoon,False
6269,2025-10-12,Pediatrics,74,Female,Emergency,2,9609.0,10,Oct,Post-Monsoon,False
5340,2025-10-12,Emergency,47,Female,Referral,3,10418.0,10,Oct,Post-Monsoon,False
5729,2025-10-12,General Medicine,1,Male,Emergency,7,26929.0,10,Oct,Post-Monsoon,False
5745,2025-10-13,Emergency,42,Female,Referral,1,2942.0,10,Oct,Post-Monsoon,False
6397,2025-10-13,Neurology,95,Female,Emergency,10,34866.0,10,Oct,Post-Monsoon,False
5100,2025-10-13,Emergency,71,Male,Referral,4,18549.0,10,Oct,Post-Monsoon,False
5211,2025-10-13,General Medicine,27,Male,Planned,6,20590.0,10,Oct,Post-Monsoon,False
5999,2025-10-13,General Medicine,27,Male,Referral,6,17167.0,10,Oct,Post-Monsoon,False
6213,2025-10-13,Cardiology,62,Male,Planned,6,23490.0,10,Oct,Post-Monsoon,False
5094,2025-10-13,Cardiology,31,Female,Emergency,6,18659.0,10,Oct,Post-Monsoon,False
5779,2025-10-13,Pediatrics,69,Female,Planned,5,18947.0,10,Oct,Post-Monsoon,False
6389,2025-10-14,Emergency,7,Male,Emergency,2,6856.0,10,Oct,Post-Monsoon,False
5950,2025-10-14,Orthopedics,36,Male,Emergency,7,18297.0,10,Oct,Post-Monsoon,False
5897,2025-10-14,Oncology,61,Male,Planned,9,31240.0,10,Oct,Post-Monsoon,False
6342,2025-10-14,Orthopedics,44,Male,Planned,9,34054.0,10,Oct,Post-Monsoon,False
6442,2025-10-14,General Medicine,1,Male,Planned,3,11076.0,10,Oct,Post-Monsoon,False
5594,2025-10-15,Emergency,49,Female,Emergency,2,9493.0,10,Oct,Post-Monsoon,False
6284,2025-10-15,Pediatrics,17,Male,Planned,6,20267.0,10,Oct,Post-Monsoon,False
5860,2025-10-15,Emergency,90,Female,Planned,4,13364.0,10,Oct,Post-Monsoon,False
6163,2025-10-16,Orthopedics,29,Female,Planned,3,9632.0,10,Oct,Post-Monsoon,False
5522,2025-10-16,Orthopedics,48,Male,Planned,8,20834.0,10,Oct,Post-Monsoon,False
5082,2025-10-16,General Medicine,34,Female,Emergency,6,16877.0,10,Oct,Post-Monsoon,False
6467,2025-10-16,Respiratory,44,Male,Planned,6,15947.0,10,Oct,Post-Monsoon,False
5881,2025-10-16,General Medicine,49,Male,Planned,4,19199.0,10,Oct,Post-Monsoon,False
5473,2025-10-16,Emergency,59,Male,Emergency,1,3149.0,10,Oct,Post-Monsoon,False
6127,2025-10-17,General Medicine,17,Female,Planned,5,25089.0,10,Oct,Post-Monsoon,False
5403,2025-10-17,Cardiology,43,Female,Emergency,5,20178.0,10,Oct,Post-Monsoon,False
5609,2025-10-17,Emergency,57,Male,Referral,3,9450.0,10,Oct,Post-Monsoon,False
6065,2025-10-17,Emergency,56,Female,Emergency,2,9530.0,10,Oct,Post-Monsoon,False
6063,2025-10-17,Emergency,77,Female,Planned,3,12409.0,10,Oct,Post-Monsoon,False
5962,2025-10-18,Neurology,18,Female,Planned,11,64329.0,10,Oct,Post-Monsoon,False
5414,2025-10-19,Emergency,51,Male,Emergency,3,16974.0,10,Oct,Post-Monsoon,False
6165,2025-10-19,Emergency,58,Female,Planned,3,16769.0,10,Oct,Post-Monsoon,False
5812,2025-10-19,Emergency,73,Male,Emergency,3,13421.0,10,Oct,Post-Monsoon,False
6018,2025-10-19,Neurology,24,Female,Emergency,12,31188.0,10,Oct,Post-Monsoon,False
5856,2025-10-20,Cardiology,39,Male,Emergency,6,27483.0,10,Oct,Post-Monsoon,False
6166,2025-10-20,Emergency,53,Male,Emergency,1,5345.0,10,Oct,Post-Monsoon,False
5904,2025-10-21,Cardiology,27,Female,Referral,8,36003.0,10,Oct,Post-Monsoon,False
6057,2025-10-21,Pediatrics,29,Female,Planned,4,12650.0,10,Oct,Post-Monsoon,False
5193,2025-10-21,Cardiology,60,Female,Referral,4,11390.0,10,Oct,Post-Monsoon,False
5481,2025-10-21,Pediatrics,66,Female,Emergency,2,5278.0,10,Oct,Post-Monsoon,False
5982,2025-10-21,Emergency,9,Female,Planned,1,4939.0,10,Oct,Post-Monsoon,False
6363,2025-10-21,Cardiology,30,Male,Emergency,9,24338.0,10,Oct,Post-Monsoon,False
5908,2025-10-22,Emergency,54,Male,Referral,2,10334.0,10,Oct,Post-Monsoon,False
5303,2025-10-22,Orthopedics,53,Male,Referral,3,10182.0,10,Oct,Post-Monsoon,False
6375,2025-10-22,Pediatrics,27,Female,Emergency,3,9076.0,10,Oct,Post-Monsoon,False
5622,2025-10-22,Respiratory,41,Male,Referral,6,16969.0,10,Oct,Post-Monsoon,False
5546,2025-10-23,Emergency,33,Female,Planned,3,12393.0,10,Oct,Post-Monsoon,False
6394,2025-10-23,Respiratory,80,Male,Emergency,7,17777.0,10,Oct,Post-Monsoon,False
6344,2025-10-24,Orthopedics,38,Female,Planned,5,28919.0,10,Oct,Post-Monsoon,False
5650,2025-10-24,Orthopedics,34,Male,Emergency,8,33872.0,10,Oct,Post-Monsoon,False
5305,2025-10-25,Emergency,68,Male,Emergency,3,10692.0,10,Oct,Post-Monsoon,False
5592,2025-10-25,Pediatrics,22,Male,Planned,1,3918.0,10,Oct,Post-Monsoon,False
5175,2025-10-25,Oncology,35,Female,Emergency,8,34249.0,10,Oct,Post-Monsoon,False
6448,2025-10-26,Respiratory,48,Male,Planned,7,36734.0,10,Oct,Post-Monsoon,False
5416,2025-10-26,General Medicine,17,Male,Emergency,1,2988.0,10,Oct,Post-Monsoon,False
5395,2025-10-27,Pediatrics,53,Female,Referral,4,10395.0,10,Oct,Post-Monsoon,False
5458,2025-10-27,Orthopedics,24,Male,Emergency,6,15812.0,10,Oct,Post-Monsoon,False
6408,2025-10-27,Pediatrics,78,Male,Emergency,3,14944.0,10,Oct,Post-Monsoon,False
5820,2025-10-28,Neurology,51,Female,Planned,8,39935.0,10,Oct,Post-Monsoon,False
6272,2025-10-28,Cardiology,70,Male,Planned,8,20998.0,10,Oct,Post-Monsoon,False
6343,2025-10-28,Neurology,34,Female,Planned,1,4475.0,10,Oct,Post-Monsoon,False
5970,2025-10-28,Pediatrics,43,Female,Emergency,3,15999.0,10,Oct,Post-Monsoon,False
5335,2025-10-28,Cardiology,12,Male,Planned,5,13958.0,10,Oct,Post-Monsoon,False
6355,2025-10-28,Emergency,55,Female,Referral,4,15790.0,10,Oct,Post-Monsoon,False
5700,2025-11-01,Pediatrics,39,Male,Emergency,2,6585.0,11,Nov,Post-Monsoon,False
6130,2025-11-01,Emergency,67,Male,Planned,1,4251.0,11,Nov,Post-Monsoon,False
6386,2025-11-02,Pediatrics,7,Female,Referral,3,13681.0,11,Nov,Post-Monsoon,False
5910,2025-11-02,Emergency,29,Male,Planned,3,14652.0,11,Nov,Post-Monsoon,False
5347,2025-11-02,General Medicine,24,Male,Emergency,6,23232.0,11,Nov,Post-Monsoon,False
5042,2025-11-03,General Medicine,14,Female,Referral,2,6650.0,11,Nov,Post-Monsoon,False
5505,2025-11-03,Orthopedics,36,Female,Planned,6,35720.0,11,Nov,Post-Monsoon,False
5836,2025-11-03,Neurology,37,Male,Referral,11,42961.0,11,Nov,Post-Monsoon,False
6357,2025-11-03,Oncology,34,Female,Planned,7,21599.0,11,Nov,Post-Monsoon,False
5314,2025-11-04,Respiratory,66,Male,Emergency,3,15391.0,11,Nov,Post-Monsoon,False
5886,2025-11-04,Neurology,12,Female,Planned,7,36852.0,11,Nov,Post-Monsoon,False
5326,2025-11-04,Cardiology,41,Female,Referral,5,28613.0,11,Nov,Post-Monsoon,False
6204,2025-11-05,Respiratory,32,Female,Emergency,4,11226.0,11,Nov,Post-Monsoon,False
5163,2025-11-05,Pediatrics,59,Male,Emergency,2,5407.0,11,Nov,Post-Monsoon,False
5238,2025-11-05,Orthopedics,61,Male,Planned,5,16265.0,11,Nov,Post-Monsoon,False
6471,2025-11-05,Cardiology,60,Female,Emergency,2,11974.0,11,Nov,Post-Monsoon,False
6196,2025-11-05,General Medicine,2,Female,Planned,1,3958.0,11,Nov,Post-Monsoon,False
5728,2025-11-06,Pediatrics,45,Female,Emergency,3,12989.0,11,Nov,Post-Monsoon,False
5036,2025-11-06,Cardiology,58,Male,Emergency,7,25251.0,11,Nov,Post-Monsoon,False
5792,2025-11-06,Orthopedics,43,Female,Emergency,7,21626.0,11,Nov,Post-Monsoon,False
5053,2025-11-06,Orthopedics,91,Female,Referral,7,32713.0,11,Nov,Post-Monsoon,False
6214,2025-11-06,Pediatrics,11,Male,Planned,1,5567.0,11,Nov,Post-Monsoon,False
5107,2025-11-07,Pediatrics,87,Female,Emergency,2,6205.0,11,Nov,Post-Monsoon,False
5838,2025-11-07,Cardiology,45,Male,Planned,8,41560.0,11,Nov,Post-Monsoon,False
5689,2025-11-07,General Medicine,17,Male,Planned,3,10915.0,11,Nov,Post-Monsoon,False
5415,2025-11-07,Oncology,19,Male,Referral,5,18333.0,11,Nov,Post-Monsoon,False
5032,2025-11-07,Emergency,33,Female,Planned,2,8044.0,11,Nov,Post-Monsoon,False
5909,2025-11-08,Respiratory,38,Female,Planned,5,18958.0,11,Nov,Post-Monsoon,False
6235,2025-11-09,Cardiology,22,Female,Planned,6,35315.0,11,Nov,Post-Monsoon,False
6108,2025-11-09,Orthopedics,32,Female,Referral,5,13160.0,11,Nov,Post-Monsoon,False
6043,2025-11-10,Respiratory,67,Female,Emergency,7,18519.0,11,Nov,Post-Monsoon,False
6446,2025-11-10,Orthopedics,95,Male,Planned,2,5152.0,11,Nov,Post-Monsoon,False
5130,2025-11-10,Emergency,29,Male,Planned,3,15374.0,11,Nov,Post-Monsoon,False
6039,2025-11-10,General Medicine,77,Female,Referral,4,19370.0,11,Nov,Post-Monsoon,False
5862,2025-11-10,Cardiology,33,Female,Planned,7,41642.0,11,Nov,Post-Monsoon,False
5470,2025-11-10,Emergency,81,Female,Emergency,2,5839.0,11,Nov,Post-Monsoon,False
5145,2025-11-11,Orthopedics,71,Male,Referral,8,26562.5,11,Nov,Post-Monsoon,False
6303,2025-11-11,Respiratory,83,Female,Referral,6,31719.0,11,Nov,Post-Monsoon,False
6304,2025-11-11,Neurology,25,Female,Emergency,8,30054.0,11,Nov,Post-Monsoon,False
5317,2025-11-11,Respiratory,34,Male,Referral,4,12705.0,11,Nov,Post-Monsoon,False
6174,2025-11-11,Emergency,95,Female,Referral,2,8432.0,11,Nov,Post-Monsoon,False
5557,2025-11-11,Neurology,32,Male,Emergency,7,29526.0,11,Nov,Post-Monsoon,False
5369,2025-11-12,General Medicine,74,Male,Referral,5,20219.0,11,Nov,Post-Monsoon,False
5113,2025-11-12,Emergency,2,Female,Emergency,1,2898.0,11,Nov,Post-Monsoon,False
5342,2025-11-12,General Medicine,57,Male,Emergency,7,22778.0,11,Nov,Post-Monsoon,False
5649,2025-11-12,Emergency,46,Male,Planned,3,11650.0,11,Nov,Post-Monsoon,False
5065,2025-11-13,Emergency,23,Female,Planned,1,4501.0,11,Nov,Post-Monsoon,False
5252,2025-11-13,Cardiology,42,Male,Referral,6,19312.0,11,Nov,Post-Monsoon,False
5714,2025-11-13,General Medicine,55,Male,Emergency,3,16000.5,11,Nov,Post-Monsoon,False
6326,2025-11-14,Orthopedics,60,Female,Planned,5,17792.0,11,Nov,Post-Monsoon,False
5681,2025-11-14,Emergency,43,Male,Referral,3,15819.0,11,Nov,Post-Monsoon,False
5960,2025-11-14,Emergency,48,Female,Planned,1,10418.0,11,Nov,Post-Monsoon,False
5830,2025-11-15,Emergency,52,Male,Planned,1,2819.0,11,Nov,Post-Monsoon,False
5280,2025-11-15,Cardiology,37,Male,Emergency,7,32215.0,11,Nov,Post-Monsoon,False
5605,2025-11-15,Orthopedics,63,Male,Emergency,5,19672.0,11,Nov,Post-Monsoon,False
5826,2025-11-15,Oncology,95,Male,Planned,13,40341.0,11,Nov,Post-Monsoon,False
5066,2025-11-15,Neurology,44,Male,Emergency,9,29747.0,11,Nov,Post-Monsoon,False
5394,2025-11-15,Pediatrics,64,Male,Planned,2,6584.0,11,Nov,Post-Monsoon,False
6230,2025-11-15,General Medicine,26,Male,Emergency,6,35943.0,11,Nov,Post-Monsoon,False
5302,2025-11-15,Emergency,61,Male,Emergency,1,5704.0,11,Nov,Post-Monsoon,False
6496,2025-11-15,Oncology,42,Female,Referral,10,53293.0,11,Nov,Post-Monsoon,False
5134,2025-11-15,Emergency,56,Female,Planned,2,7825.0,11,Nov,Post-Monsoon,False
5043,2025-11-16,Cardiology,30,Female,Emergency,7,40965.0,11,Nov,Post-Monsoon,False
5160,2025-11-17,General Medicine,65,Male,Emergency,4,10124.0,11,Nov,Post-Monsoon,False
5637,2025-11-17,Cardiology,53,Female,Emergency,6,21737.0,11,Nov,Post-Monsoon,False
5041,2025-11-17,Orthopedics,65,Male,Emergency,5,26444.0,11,Nov,Post-Monsoon,False
6384,2025-11-17,Neurology,23,Male,Emergency,7,39942.0,11,Nov,Post-Monsoon,False
5425,2025-11-18,Oncology,59,Male,Emergency,8,22412.0,11,Nov,Post-Monsoon,False
5583,2025-11-19,Cardiology,71,Female,Referral,6,17199.0,11,Nov,Post-Monsoon,False
6161,2025-11-19,Emergency,65,Male,Emergency,4,12333.0,11,Nov,Post-Monsoon,False
6217,2025-11-19,General Medicine,13,Female,Planned,5,13930.0,11,Nov,Post-Monsoon,False
5744,2025-11-19,Cardiology,52,Female,Emergency,9,28969.0,11,Nov,Post-Monsoon,False
5992,2025-11-20,Neurology,35,Male,Planned,4,17812.0,11,Nov,Post-Monsoon,False
6136,2025-11-20,Orthopedics,74,Female,Emergency,8,42350.0,11,Nov,Post-Monsoon,False
6145,2025-11-20,Cardiology,65,Male,Planned,6,33834.0,11,Nov,Post-Monsoon,False
5545,2025-11-20,Cardiology,1,Male,Referral,2,5081.0,11,Nov,Post-Monsoon,False
5633,2025-11-20,Emergency,69,Female,Emergency,2,10712.0,11,Nov,Post-Monsoon,False
5550,2025-11-21,Oncology,37,Male,Emergency,11,54852.0,11,Nov,Post-Monsoon,False
5462,2025-11-21,Emergency,42,Male,Referral,3,9892.0,11,Nov,Post-Monsoon,False
5576,2025-11-21,Cardiology,95,Male,Emergency,7,18681.0,11,Nov,Post-Monsoon,False
6279,2025-11-21,Pediatrics,33,Male,Emergency,6,21067.0,11,Nov,Post-Monsoon,False
5239,2025-11-22,Emergency,55,Female,Referral,2,8892.0,11,Nov,Post-Monsoon,False
5426,2025-11-22,Orthopedics,70,Female,Emergency,7,34403.0,11,Nov,Post-Monsoon,False
5930,2025-11-23,Orthopedics,33,Male,Planned,6,28045.0,11,Nov,Post-Monsoon,False
5899,2025-11-24,General Medicine,50,Female,Planned,2,9866.0,11,Nov,Post-Monsoon,False
5553,2025-11-25,Orthopedics,61,Male,Emergency,7,29065.0,11,Nov,Post-Monsoon,False
6493,2025-11-25,Pediatrics,28,Female,Planned,5,22738.0,11,Nov,Post-Monsoon,False
6220,2025-11-25,General Medicine,31,Male,Emergency,1,4267.0,11,Nov,Post-Monsoon,False
6281,2025-11-25,Emergency,45,Male,Planned,3,16914.0,11,Nov,Post-Monsoon,False
5883,2025-11-25,Cardiology,88,Male,Planned,8,36682.0,11,Nov,Post-Monsoon,False
6270,2025-11-27,Orthopedics,82,Female,Emergency,4,21652.0,11,Nov,Post-Monsoon,False
6233,2025-11-27,Pediatrics,34,Male,Planned,1,4091.0,11,Nov,Post-Monsoon,False
5585,2025-11-27,Emergency,34,Male,Emergency,3,11304.0,11,Nov,Post-Monsoon,False
5327,2025-11-28,Oncology,52,Female,Referral,7,23213.0,11,Nov,Post-Monsoon,False
6313,2025-12-01,Cardiology,88,Female,Planned,1,3143.0,12,Dec,Winter,False
5752,2025-12-01,Orthopedics,41,Female,Referral,4,20226.0,12,Dec,Winter,False
5198,2025-12-01,Cardiology,32,Male,Emergency,3,17663.0,12,Dec,Winter,False
5199,2025-12-01,Emergency,44,Female,Referral,2,11032.0,12,Dec,Winter,False
5411,2025-12-01,Cardiology,29,Female,Planned,4,15238.0,12,Dec,Winter,False
5577,2025-12-01,General Medicine,65,Female,Planned,3,11698.0,12,Dec,Winter,False
5240,2025-12-02,Emergency,37,Female,Emergency,3,11819.0,12,Dec,Winter,False
5648,2025-12-02,Cardiology,65,Female,Emergency,3,17695.0,12,Dec,Winter,False
5308,2025-12-02,General Medicine,49,Male,Planned,6,22511.0,12,Dec,Winter,False
6070,2025-12-02,Orthopedics,45,Female,Planned,6,22163.0,12,Dec,Winter,False
6000,2025-12-02,Neurology,60,Female,Planned,5,12679.0,12,Dec,Winter,False
6417,2025-12-02,Respiratory,31,Male,Emergency,5,28143.0,12,Dec,Winter,False
5554,2025-12-03,General Medicine,19,Male,Emergency,6,32217.0,12,Dec,Winter,False
5319,2025-12-03,Cardiology,79,Female,Emergency,6,33736.0,12,Dec,Winter,False
6115,2025-12-03,Pediatrics,84,Female,Planned,3,8621.0,12,Dec,Winter,False
6293,2025-12-04,Pediatrics,44,Female,Emergency,3,7521.0,12,Dec,Winter,False
6189,2025-12-04,Emergency,10,Female,Emergency,3,16675.0,12,Dec,Winter,False
6300,2025-12-04,General Medicine,31,Female,Emergency,2,9643.0,12,Dec,Winter,False
6091,2025-12-04,General Medicine,58,Female,Referral,3,10752.0,12,Dec,Winter,False
5031,2025-12-04,Neurology,34,Female,Planned,5,28716.0,12,Dec,Winter,False
5988,2025-12-04,General Medicine,74,Male,Referral,6,21201.0,12,Dec,Winter,False
5320,2025-12-04,Pediatrics,21,Female,Emergency,4,20753.0,12,Dec,Winter,False
5519,2025-12-04,General Medicine,57,Male,Emergency,3,12445.0,12,Dec,Winter,False
5077,2025-12-05,Respiratory,59,Female,Emergency,6,19433.0,12,Dec,Winter,False
6334,2025-12-05,Neurology,95,Female,Planned,6,34048.0,12,Dec,Winter,False
5003,2025-12-05,Pediatrics,11,Male,Emergency,4,20193.0,12,Dec,Winter,False
6424,2025-12-06,Respiratory,30,Male,Planned,3,10327.0,12,Dec,Winter,False
6157,2025-12-06,Respiratory,60,Male,Planned,1,5097.0,12,Dec,Winter,False
5216,2025-12-06,General Medicine,28,Female,Referral,6,34911.0,12,Dec,Winter,False
5487,2025-12-06,General Medicine,32,Male,Referral,6,17940.0,12,Dec,Winter,False
5527,2025-12-07,Cardiology,70,Male,Emergency,5,18128.0,12,Dec,Winter,False
5138,2025-12-07,General Medicine,42,Female,Emergency,7,30974.0,12,Dec,Winter,False
5056,2025-12-07,Respiratory,44,Female,Planned,4,15603.0,12,Dec,Winter,False
6259,2025-12-07,Pediatrics,53,Male,Planned,4,16184.0,12,Dec,Winter,False
5976,2025-12-07,Respiratory,42,Female,Emergency,5,21230.0,12,Dec,Winter,False
5073,2025-12-07,Orthopedics,31,Male,Emergency,5,20690.0,12,Dec,Winter,False
6054,2025-12-07,Neurology,32,Male,Planned,6,25124.0,12,Dec,Winter,False
5355,2025-12-07,Pediatrics,43,Male,Referral,4,14668.0,12,Dec,Winter,False
5565,2025-12-08,Cardiology,66,Female,Planned,5,22836.0,12,Dec,Winter,False
5889,2025-12-08,Emergency,32,Female,Emergency,2,8761.0,12,Dec,Winter,False
6025,2025-12-08,Oncology,76,Female,Emergency,6,19948.0,12,Dec,Winter,False
5667,2025-12-08,Emergency,54,Male,Planned,3,10114.0,12,Dec,Winter,False
5349,2025-12-08,Cardiology,31,Male,Emergency,3,17204.0,12,Dec,Winter,False
5978,2025-12-08,Cardiology,37,Female,Planned,4,13242.0,12,Dec,Winter,False
5575,2025-12-08,Emergency,15,Male,Planned,3,16296.0,12,Dec,Winter,False
6103,2025-12-09,Neurology,25,Female,Planned,7,22361.0,12,Dec,Winter,False
5421,2025-12-09,Respiratory,29,Female,Emergency,7,38833.0,12,Dec,Winter,False
6170,2025-12-09,Pediatrics,41,Female,Emergency,3,11480.0,12,Dec,Winter,False
5816,2025-12-09,Orthopedics,47,Female,Emergency,3,13800.0,12,Dec,Winter,False
5249,2025-12-09,Emergency,42,Female,Planned,3,10386.0,12,Dec,Winter,False
6473,2025-12-09,Emergency,46,Male,Emergency,3,9763.0,12,Dec,Winter,False
5668,2025-12-09,Cardiology,63,Female,Planned,5,28052.0,12,Dec,Winter,False
6148,2025-12-09,Respiratory,58,Female,Referral,7,40693.0,12,Dec,Winter,False
5783,2025-12-09,Emergency,39,Male,Planned,2,7383.0,12,Dec,Winter,False
6483,2025-12-11,Orthopedics,34,Female,Planned,5,24701.0,12,Dec,Winter,False
5754,2025-12-11,Emergency,36,Female,Planned,1,4381.0,12,Dec,Winter,False
6024,2025-12-11,Cardiology,26,Female,Planned,2,6154.0,12,Dec,Winter,False
5362,2025-12-11,Emergency,19,Female,Emergency,3,10147.0,12,Dec,Winter,False
5189,2025-12-11,Neurology,33,Male,Planned,6,35292.0,12,Dec,Winter,False
6317,2025-12-12,Cardiology,9,Female,Emergency,4,20002.0,12,Dec,Winter,False
6194,2025-12-13,Orthopedics,47,Male,Emergency,6,32016.0,12,Dec,Winter,False
6160,2025-12-13,Orthopedics,1,Male,Referral,7,25233.0,12,Dec,Winter,False
5777,2025-12-13,Cardiology,28,Female,Planned,5,25159.0,12,Dec,Winter,False
6137,2025-12-13,Respiratory,28,Male,Emergency,5,20778.0,12,Dec,Winter,False
5315,2025-12-13,General Medicine,32,Male,Emergency,3,15023.0,12,Dec,Winter,False
6441,2025-12-14,Pediatrics,32,Female,Planned,1,5896.0,12,Dec,Winter,False
6176,2025-12-14,Cardiology,40,Female,Emergency,6,23133.0,12,Dec,Winter,False
5914,2025-12-14,Cardiology,45,Female,Emergency,6,15614.0,12,Dec,Winter,False
5688,2025-12-14,Emergency,37,Male,Emergency,2,11324.0,12,Dec,Winter,False
5191,2025-12-15,Pediatrics,60,Male,Emergency,7,21574.0,12,Dec,Winter,False
5475,2025-12-15,Emergency,48,Female,Emergency,2,8118.0,12,Dec,Winter,False
5850,2025-12-15,Cardiology,10,Male,Planned,8,37766.0,12,Dec,Winter,False
6438,2025-12-15,Cardiology,24,Male,Planned,5,20442.0,12,Dec,Winter,False
5368,2025-12-15,Emergency,40,Female,Emergency,3,11336.0,12,Dec,Winter,False
6477,2025-12-15,General Medicine,45,Female,Referral,6,30418.0,12,Dec,Winter,False
6078,2025-12-15,Emergency,52,Male,Emergency,4,15863.0,12,Dec,Winter,False
6324,2025-12-15,Pediatrics,6,Male,Planned,1,5263.0,12,Dec,Winter,False
5406,2025-12-16,Neurology,24,Female,Emergency,4,17660.0,12,Dec,Winter,False
6020,2025-12-16,Cardiology,83,Male,Referral,4,23775.0,12,Dec,Winter,False
5598,2025-12-16,Emergency,50,Female,Emergency,2,6852.0,12,Dec,Winter,False
5125,2025-12-16,Pediatrics,54,Female,Planned,3,9227.0,12,Dec,Winter,False
6258,2025-12-16,Emergency,56,Female,Referral,3,17689.0,12,Dec,Winter,False
5080,2025-12-16,Emergency,67,Female,Planned,4,10518.0,12,Dec,Winter,False
5006,2025-12-16,Orthopedics,95,Male,Emergency,9,33027.0,12,Dec,Winter,False
5257,2025-12-17,Emergency,59,Female,Emergency,3,16689.0,12,Dec,Winter,False
5998,2025-12-17,Emergency,1,Male,Planned,3,7758.0,12,Dec,Winter,False
6093,2025-12-17,Emergency,72,Male,Planned,2,9923.0,12,Dec,Winter,False
6391,2025-12-17,Emergency,38,Male,Planned,3,11099.0,12,Dec,Winter,False
5174,2025-12-17,Respiratory,52,Female,Planned,6,21519.0,12,Dec,Winter,False
5703,2025-12-17,Respiratory,53,Male,Planned,8,25070.0,12,Dec,Winter,False
5776,2025-12-17,Orthopedics,39,Male,Emergency,7,29396.0,12,Dec,Winter,False
6198,2025-12-17,Orthopedics,50,Female,Emergency,11,30609.0,12,Dec,Winter,False
5771,2025-12-18,General Medicine,29,Male,Planned,3,15927.0,12,Dec,Winter,False
6393,2025-12-18,General Medicine,71,Female,Planned,2,7083.0,12,Dec,Winter,False
5891,2025-12-18,Orthopedics,40,Male,Referral,2,11386.0,12,Dec,Winter,False
5918,2025-12-18,Pediatrics,85,Female,Planned,5,26488.0,12,Dec,Winter,False
5875,2025-12-18,Orthopedics,66,Female,Referral,5,18827.0,12,Dec,Winter,False
6206,2025-12-18,Emergency,70,Male,Referral,2,5871.0,12,Dec,Winter,False
6285,2025-12-18,Respiratory,46,Female,Planned,4,12976.0,12,Dec,Winter,False
5759,2025-12-19,Pediatrics,30,Female,Emergency,1,5100.0,12,Dec,Winter,False
5766,2025-12-19,Respiratory,37,Female,Planned,5,26582.0,12,Dec,Winter,False
5229,2025-12-19,General Medicine,21,Female,Planned,5,29426.0,12,Dec,Winter,False
6385,2025-12-19,Orthopedics,53,Female,Emergency,6,31948.0,12,Dec,Winter,False
6302,2025-12-20,Oncology,66,Male,Referral,7,40150.0,12,Dec,Winter,False
6268,2025-12-20,Orthopedics,48,Male,Emergency,7,23826.0,12,Dec,Winter,False
5730,2025-12-20,Orthopedics,59,Female,Planned,4,20757.0,12,Dec,Winter,False
6468,2025-12-20,Emergency,38,Male,Planned,3,10875.0,12,Dec,Winter,False
5718,2025-12-20,Cardiology,36,Female,Emergency,5,13362.0,12,Dec,Winter,False
6243,2025-12-21,Orthopedics,19,Male,Planned,6,27323.0,12,Dec,Winter,False
6183,2025-12-21,General Medicine,59,Female,Emergency,5,27752.0,12,Dec,Winter,False
5170,2025-12-21,Cardiology,65,Male,Planned,5,16833.0,12,Dec,Winter,False
6409,2025-12-21,Orthopedics,43,Female,Referral,10,48226.0,12,Dec,Winter,False
5236,2025-12-21,Emergency,71,Female,Referral,2,10786.0,12,Dec,Winter,False
5967,2025-12-21,Orthopedics,29,Male,Emergency,7,17603.0,12,Dec,Winter,False
5207,2025-12-22,Emergency,43,Female,Emergency,3,11208.0,12,Dec,Winter,False
5028,2025-12-22,General Medicine,14,Male,Emergency,4,20724.0,12,Dec,Winter,False
5397,2025-12-22,Neurology,92,Male,Planned,5,16689.0,12,Dec,Winter,False
5968,2025-12-22,General Medicine,27,Male,Emergency,1,4715.0,12,Dec,Winter,False
5526,2025-12-23,Emergency,34,Male,Planned,3,9995.0,12,Dec,Winter,False
6222,2025-12-23,Cardiology,44,Female,Planned,6,30938.0,12,Dec,Winter,False
6149,2025-12-23,Oncology,19,Male,Emergency,11,65155.0,12,Dec,Winter,False
6276,2025-12-23,Neurology,64,Male,Referral,12,57682.0,12,Dec,Winter,False
6282,2025-12-23,Pediatrics,90,Female,Emergency,5,27627.0,12,Dec,Winter,False
5292,2025-12-23,Cardiology,48,Male,Emergency,9,28665.0,12,Dec,Winter,False
6377,2025-12-24,Cardiology,42,Female,Emergency,1,4373.0,12,Dec,Winter,False
5859,2025-12-24,Orthopedics,42,Male,Emergency,5,27245.0,12,Dec,Winter,False
5664,2025-12-24,Oncology,40,Female,Referral,8,24020.0,12,Dec,Winter,False
5903,2025-12-24,Oncology,22,Female,Planned,10,50861.0,12,Dec,Winter,False
6406,2025-12-24,Pediatrics,68,Female,Emergency,4,13237.0,12,Dec,Winter,False
5062,2025-12-24,Orthopedics,14,Male,Planned,6,33038.0,12,Dec,Winter,False
5791,2025-12-25,Cardiology,23,Male,Emergency,6,32716.0,12,Dec,Winter,False
6283,2025-12-25,Pediatrics,36,Female,Emergency,5,15878.0,12,Dec,Winter,False
5818,2025-12-25,Pediatrics,56,Male,Emergency,6,14668.0,12,Dec,Winter,False
5582,2025-12-25,Cardiology,47,Female,Referral,9,27999.0,12,Dec,Winter,False
5088,2025-12-25,Orthopedics,35,Female,Emergency,5,27748.0,12,Dec,Winter,False
6221,2025-12-25,Orthopedics,19,Male,Emergency,5,14865.0,12,Dec,Winter,False
6353,2025-12-25,Pediatrics,19,Female,Referral,4,19251.0,12,Dec,Winter,False
5849,2025-12-25,Pediatrics,43,Male,Emergency,3,8180.0,12,Dec,Winter,False
6376,2025-12-26,Emergency,75,Female,Planned,4,20812.0,12,Dec,Winter,False
6469,2025-12-26,Emergency,10,Female,Emergency,3,10520.0,12,Dec,Winter,False
6102,2025-12-26,Emergency,1,Male,Emergency,2,7643.0,12,Dec,Winter,False
5944,2025-12-26,Emergency,32,Female,Planned,2,11030.0,12,Dec,Winter,False
5659,2025-12-27,Cardiology,60,Male,Emergency,5,18152.0,12,Dec,Winter,False
5885,2025-12-27,General Medicine,41,Female,Emergency,3,14718.0,12,Dec,Winter,False
5117,2025-12-27,General Medicine,31,Male,Planned,6,31381.0,12,Dec,Winter,False
5014,2025-12-27,Respiratory,9,Male,Planned,7,17957.0,12,Dec,Winter,False
5898,2025-12-27,Emergency,12,Male,Emergency,2,6529.0,12,Dec,Winter,False
5845,2025-12-27,Emergency,21,Female,Emergency,1,4182.0,12,Dec,Winter,False
5810,2025-12-28,Emergency,30,Male,Planned,2,7654.0,12,Dec,Winter,False
5787,2025-12-28,Oncology,1,Male,Planned,10,44179.0,12,Dec,Winter,False
5623,2025-12-28,Cardiology,25,Male,Emergency,10,54500.0,12,Dec,Winter,False
